cpb-aacip-43-np1wd3qd13__10564923___1.0_11.0,0.0,1.0,"Female"
cpb-aacip-15-gx44q7qx6r__22128-2009_10_24CamB-RAW_.h264__1098.0_1108.0,4.0,1.0,"Male"
cpb-aacip-15-91sf8427.h264__312.0_322.0,2.0,1.0,"Background noise"
cpb-aacip-15-66j103g4__213.0_223.0,0.0,1.0,"Music"
cpb-aacip-86-46d258rh.h264__1680.0_1690.0,3.0,1.0,"Silence"
cpb-aacip-15-26m0cr75.h264__491.0_501.0,2.0,1.0,"Background noise"
cpb-aacip-111-61rfjgmp.h264__127.0_137.0,4.0,1.0,"Male"
cpb-aacip-29-246q5b8z.h264__890.0_900.0,2.0,1.0,"Male"
cpb-aacip-17-06g1kpz9.h264__839.0_849.0,3.0,1.0,"Male"
cpb-aacip-200-66j0zxdv.h264__288.0_298.0,3.0,1.0,"Music"
cpb-aacip-500-t43j2h02__1174.0_1184.0,4.0,1.0,"Male"
cpb-aacip-225-418kpwn4.h264__202.0_212.0,4.0,1.0,"Male"
cpb-aacip-60-03cz8wz8.h264__245.0_255.0,3.0,1.0,"Male with background noise"
cpb-aacip-15-91fj773h__1748.0_1758.0,2.0,1.0,"Music"
cpb-aacip-160-31qftzdq.h264__57.0_67.0,3.0,1.0,"Not Sure"
cpb-aacip-20-58pc8cwj__4687.0_4697.0,4.0,1.0,"Music"
cpb-aacip-254-62s4n2n1.h264__660.0_670.0,0.0,1.0,"Male with background noise"
cpb-aacip-259-xk84nj3s.h264__3452.0_3462.0,4.0,1.0,"Music"
cpb-aacip-43-79v15r75__4421.0_4431.0,2.0,1.0,"Male"
cpb-aacip-55-ks6j09wj3g__cpb-aacip-55-25x6bfzm.mpeg2_.h264__2523.0_2533.0,1.0,1.0,"Male with background noise"
cpb-aacip-15-09w0w2pb__466.0_476.0,1.0,1.0,"Male"
cpb-aacip-75-45q83j16.h264__1132.0_1142.0,0.0,1.0,"Female"
cpb-aacip-500-9c6s2t83__1287.0_1297.0,1.0,1.0,"Male"
cpb-aacip-77-311nt3wn.h264__916.0_926.0,1.0,1.0,"Male"
cpb-aacip-224-62s4n3ng__4125.0_4135.0,4.0,1.0,"Male"
cpb-aacip-378-51hhmncc.h264__1562.0_1572.0,0.0,1.0,"Male"
cpb-aacip-305-752fr643__1855.0_1865.0,3.0,1.0,"Male with background noise"
cpb-aacip-245-30bvqdm9.h264__622.0_632.0,3.0,1.0,"Background noise"
cpb-aacip-60-504xh3pf.h264__511.0_521.0,1.0,1.0,"Male"
cpb-aacip-15-28nck39v__896.0_906.0,4.0,1.0,"Male"
cpb-aacip-359-82k6dwkx.h264__514.0_524.0,0.0,1.0,"Female"
cpb-aacip-127-0644j324.h264__1051.0_1061.0,3.0,1.0,"Noise"
cpb-aacip-55-7940r9mf8b__cpb-aacip-55-68x96shz.mpeg2_.h264__1456.0_1466.0,2.0,1.0,"Male"
cpb-aacip-43-9995xp4x__1116.0_1126.0,0.0,1.0,"Male"
cpb-aacip-41-61djhhkv.h264__1135.741_1145.741,0.0,1.0,"Male"
cpb-aacip-131-16pzgpj6.h264__360.0_370.0,3.0,1.0,"Male"
cpb-aacip-500-c24qpn7w__1002.0_1012.0,4.0,1.0,"Female"
cpb-aacip-129-80ht7k6c.h264__1145.0_1155.0,3.0,1.0,"Multiple Speakers"
cpb-aacip-15-784j1d6t__2155.0_2165.0,2.0,1.0,"Male with background noise"
cpb-aacip-293-03qv9sj9.h264__869.0_879.0,0.0,1.0,"Female"
cpb-aacip-15-ns0ks6jf2v__25888-2010_10_22-RAW_.h264__2107.0_2117.0,4.0,1.0,"Male"
cpb-aacip-259-5h7bvh9w.h264__1220.0_1230.0,1.0,1.0,"Female with background noise"
cpb-aacip-15-5717m0445f__lsps07_vid_polarbear_.h264__89.0_99.0,3.0,1.0,"Silence"
cpb-aacip-24-8s4jm23m4x__1407.0_1417.0,4.0,1.0,"Music"
cpb-aacip-500-pz51m88z__1296.0_1306.0,2.0,1.0,"Male"
cpb-aacip-120-53wsv000.h264__866.0_876.0,0.0,1.0,"Female with background noise"
cpb-aacip-15-513tt4fv0v__orlando_hour_2_jackie_class_.h264__38.0_48.0,4.0,1.0,"Female with background noise"
cpb-aacip-15-913n69dn__175.0_185.0,0.0,1.0,"Male"
cpb-aacip-41-28nck0s1.h264__673.0_683.0,1.0,1.0,"Male"
cpb-aacip-235-41zcsnt9__6736.0_6746.0,4.0,1.0,"Female with background noise"
cpb-aacip-80-13mw791t__5820.0_5830.0,4.0,1.0,"Male"
cpb-aacip-309-68x964fv__1917__22.902_32.902,2.0,1.0,"Male with background noise"
cpb-aacip-75-09j3v8qv.h264__742.0_752.0,3.0,1.0,"Male"
cpb-aacip-60-07gqnm2j.h264__652.0_662.0,3.0,1.0,"Male with background noise"
cpb-aacip-120-1937q0sv.h264__1463.0_1473.0,3.0,1.0,"Female"
cpb-aacip-43-354f55kc__2770.0_2780.0,4.0,1.0,"Male"
cpb-aacip-75-30bvqdz6.h264__1509.0_1519.0,0.0,1.0,"Music"
cpb-aacip-15-30prrfm2__3711.0_3721.0,1.0,1.0,"Male"
cpb-aacip-15-25x69xqt__1960.0_1970.0,4.0,1.0,"Male"
cpb-aacip-24-028pc2t83z__1500.0_1510.0,3.0,1.0,"Male with background noise"
cpb-aacip-131-150gb6zn.h264__1207.0_1217.0,3.0,1.0,"Male"
cpb-aacip-75-21tdzbv9.h264__2107.0_2117.0,2.0,1.0,"Male with background noise"
cpb-aacip-15-bc3st7f009__barcode121572_.h264__58.0_68.0,0.0,1.0,"Male with background noise"
cpb-aacip-15-687h4jpj__891.0_901.0,3.0,1.0,"Male"
cpb-aacip-80-46qz6s2w__667.0_677.0,0.0,1.0,"Male"
cpb-aacip-15-7634v2wb__3164.0_3174.0,2.0,1.0,"Music"
cpb-aacip-77-02q57zt0.h264__139.0_149.0,4.0,1.0,"Male"
cpb-aacip-83-36547pqh.h264__2059.0_2069.0,2.0,1.0,"Male"
cpb-aacip-77-7634vstt.h264__1673.0_1683.0,2.0,1.0,"Music"
cpb-aacip-15-ks6j09wc05__ABC61977_.h264__120.0_130.0,0.0,1.0,"Background noise"
cpb-aacip-259-028pfc9d.h264__2015.0_2025.0,1.0,1.0,"Male"
cpb-aacip-15-154dn3zw5t__200202A37B_.h264__54.0_64.0,0.0,1.0,"Male with background noise"
cpb-aacip-15-02c86ftp__1486.0_1496.0,3.0,1.0,"Male with background noise"
cpb-aacip-75-21tdzbv9.h264__3162.0_3172.0,1.0,1.0,"Music"
cpb-aacip-15-9mg7fv33__238409_20130604tw__3000.0_3010.0,0.0,1.0,"Male"
cpb-aacip-15-9rf5kf36__222455_20120619ERS__2049.0_2059.0,1.0,1.0,"Male"
cpb-aacip-24-mk6542jn1m__2338.0_2348.0,1.0,1.0,"Music"
cpb-aacip-500-4746tw5k__427.0_437.0,3.0,1.0,"Male with background noise"
cpb-aacip-43-zk55d8p20f__10377228___324.0_334.0,1.0,1.0,"Male"
cpb-aacip-37-924b8s1v.h264__493.0_503.0,2.0,1.0,"Female"
cpb-aacip-77-7634vstt.h264__1407.0_1417.0,2.0,1.0,"Male with background noise"
cpb-aacip-50-182jm94g__192.0_202.0,0.0,1.0,"Music"
cpb-aacip-80-7312kdpj__6135.0_6145.0,2.0,1.0,"Female"
cpb-aacip-15-73bzkx9d__1794.0_1804.0,3.0,1.0,"Applause"
cpb-aacip-15-8279d3mz__1980.0_1990.0,4.0,1.0,"Music"
cpb-aacip-235-451g2m62.h264__939.0_949.0,4.0,1.0,"Music"
cpb-aacip-500-j09w500x__1502.0_1512.0,0.0,1.0,"Male"
cpb-aacip-78-18rbpj8n.h264__411.0_421.0,3.0,1.0,"Music"
cpb-aacip-55-41mgrcxp.h264__801.0_811.0,1.0,1.0,"Male"
cpb-aacip-129-128936mx.h264__531.0_541.0,0.0,1.0,"Male"
cpb-aacip-200-66j0zxdv.h264__288.0_298.0,3.0,1.0,"Music"
cpb-aacip-15-51vdnrr7__577.0_587.0,4.0,1.0,"Male"
cpb-aacip-17-97xktqjf.h264__632.0_642.0,1.0,1.0,"Male"
cpb-aacip-43-n58cf9jn1v__10355508___307.0_317.0,3.0,1.0,"Female"
cpb-aacip-300-41zcrrqf__488.0_498.0,2.0,1.0,"Male"
cpb-aacip-500-7p8tfx0k__8.0_18.0,3.0,1.0,"Male"
cpb-aacip-500-bz619c69__771.0_781.0,1.0,1.0,"Male"
cpb-aacip-129-128936mx.h264__531.0_541.0,2.0,1.0,"Male"
cpb-aacip-16-vh5cc0vd61__focus050426a___2191.0_2201.0,4.0,1.0,"Male"
cpb-aacip-16-09j3v3j8.h264__1014.0_1024.0,4.0,1.0,"Male with background noise"
cpb-aacip-500-j09w500x__1384.0_1394.0,2.0,1.0,"Male with background noise"
cpb-aacip-131-29b5mp7b.h264__2779.0_2789.0,1.0,1.0,"Music"
cpb-aacip-83-23612txx.h264__3211.0_3221.0,0.0,1.0,"Male"
cpb-aacip-43-7312k28f__1214.0_1224.0,1.0,1.0,"Female"
cpb-aacip-15-5370s8vp.h264__140.0_150.0,0.0,1.0,"Female"
cpb-aacip-197-73bzkt6f.h264__3080.0_3090.0,3.0,1.0,"Applause"
cpb-aacip-15-9g737346__215470_20120105CCS__3346.0_3356.0,3.0,1.0,"Female"
cpb-aacip-16-09j3v3j8.h264__310.0_320.0,2.0,1.0,"Silence"
cpb-aacip-30-741rp7kd__634.0_644.0,0.0,1.0,"Male"
cpb-aacip-43-w66930pd42__10403933___66.0_76.0,4.0,1.0,"Female"
cpb-aacip-81-19f4qtzt.h264__627.0_637.0,1.0,1.0,"Female"
cpb-aacip-309-55z617q0__Butterfly__14.0_24.0,1.0,1.0,"Female"
cpb-aacip-129-sb3ws8hx30__4NCP2728YY_.h264__783.0_793.0,1.0,1.0,"Male"
cpb-aacip-15-jm23b5wh6f__200201A18A_.h264__71.0_81.0,2.0,1.0,"Female"
cpb-aacip-15-26m0cr75.h264__1712.0_1722.0,4.0,1.0,"Silence"
cpb-aacip-80-27mpgm77__6905.0_6915.0,0.0,1.0,"Female"
cpb-aacip-15-w08w951c33__20100924ERS___2825.0_2835.0,3.0,1.0,"Male"
cpb-aacip-41-106wwrb2.h264__1378.0_1388.0,4.0,1.0,"Male"
cpb-aacip-77-9673p595.h264__3588.0_3598.0,2.0,1.0,"Music"
cpb-aacip-300-41zcrrqf__488.0_498.0,3.0,1.0,"Male"
cpb-aacip-129-2908kwdm.h264__876.0_886.0,3.0,1.0,"Male"
cpb-aacip-384-19f4qvfw.h264__295.0_305.0,4.0,1.0,"Male"
cpb-aacip-43-354f55kc__421.0_431.0,1.0,1.0,"Male"
cpb-aacip-43-752frhfj__1636.0_1646.0,3.0,1.0,"Male"
cpb-aacip-22-085hqctq.h264__31.0_41.0,4.0,1.0,"Male with background noise"
cpb-aacip-345-90rr56km__1078.0_1088.0,0.0,1.0,"Female"
cpb-aacip-80-7312kdpj__6135.0_6145.0,4.0,1.0,"Female"
cpb-aacip-29-859cnzb1.h264__1185.0_1195.0,0.0,1.0,"Multiple Speakers"
cpb-aacip-15-g44hm52s8p__barcode49028_clip2_.h264__153.0_163.0,4.0,1.0,"Music"
cpb-aacip-80-27mpgm77__6905.0_6915.0,4.0,1.0,"Male"
cpb-aacip-129-021c5drw.h264__677.0_687.0,3.0,1.0,"Music"
cpb-aacip-500-zp3vzk8c__138.0_148.0,0.0,1.0,"Male"
cpb-aacip-153-38jdfsp3__705.0_715.0,3.0,1.0,"Music"
cpb-aacip-83-23612txx.h264__2179.0_2189.0,3.0,1.0,"Male with background noise"
cpb-aacip-120-1937q0sv.h264__1463.0_1473.0,3.0,1.0,"Female"
cpb-aacip-235-451g2m62.h264__939.0_949.0,2.0,1.0,"Music"
cpb-aacip-80-21ghxqvf__4789.0_4799.0,0.0,1.0,"Male"
cpb-aacip-80-612nh4w6__5795.0_5805.0,0.0,1.0,"Female"
cpb-aacip-259-0p0wss0p.h264__520.0_530.0,0.0,1.0,"Male with background noise"
cpb-aacip-41-38w9gvxg.h264__2494.0_2504.0,0.0,1.0,"Music"
cpb-aacip-15-gx44q7qx6r__22128-2009_10_24CamB-RAW_.h264__1098.0_1108.0,3.0,1.0,"Male"
cpb-aacip-15-25x69z1p__73.0_83.0,0.0,1.0,"Female"
cpb-aacip-16-f18sb3x90v__focus001222a___279.0_289.0,0.0,1.0,"Male"
cpb-aacip-15-s46h12vh7p__barcode88186_.h264__844.0_854.0,0.0,1.0,"Female"
cpb-aacip-384-171vhm8d.h264__239.0_249.0,2.0,1.0,"Male"
cpb-aacip-15-70zpcpnp__1060.0_1070.0,1.0,1.0,"Male"
cpb-aacip-15-tm71v5bv4t__barcode106242_.h264__178.0_188.0,0.0,1.0,"Male"
cpb-aacip-60-25x69sg6.h264__1705.0_1715.0,3.0,1.0,"Male"
cpb-aacip-43-n58cf9jn1v__10355508___19.0_29.0,2.0,1.0,"Female"
cpb-aacip-43-np1wd3qd13__10564923___1.0_11.0,2.0,1.0,"Female"
cpb-aacip-151-1c1td9nh2g__fma-2-62453-int-20120620_.h264__396.0_406.0,3.0,1.0,"Male"
cpb-aacip-55-36h195bs.h264__559.0_569.0,2.0,1.0,"Female"
cpb-aacip-15-09w0w2pb__466.0_476.0,2.0,1.0,"Male"
cpb-aacip-500-g7374t3m__1598.0_1608.0,2.0,1.0,"Male"
cpb-aacip-235-451g2m62.h264__1174.0_1184.0,3.0,1.0,"Female"
cpb-aacip-75-09j3v8qv.h264__742.0_752.0,3.0,1.0,"Male"
cpb-aacip-394-95w6mr8f.h264__55.0_65.0,4.0,1.0,"Male"
cpb-aacip-41-26xwdnz0.h264__94.0_104.0,4.0,1.0,"Female"
cpb-aacip-500-7p8tfx5s__871.0_881.0,4.0,1.0,"Male"
cpb-aacip-402-956djt4c__613.0_623.0,1.0,1.0,"Male"
cpb-aacip-80-87pnwn4p__5136.0_5146.0,4.0,1.0,"Male"
cpb-aacip-20-58pc8cwj__4687.0_4697.0,0.0,1.0,"Music"
cpb-aacip-500-m61bq97p__1601.0_1611.0,1.0,1.0,"Music"
cpb-aacip-30-f76639kj92__ic_lockhardt4___132.0_142.0,2.0,1.0,"Not Sure"
cpb-aacip-15-35t76tkn__780.0_790.0,2.0,1.0,"Music"
cpb-aacip-500-9c6s2t83__287.0_297.0,0.0,1.0,"Male"
cpb-aacip-41-612ngvcw.h264__439.0_449.0,3.0,1.0,"Applause"
cpb-aacip-500-4q7qs98z__1703.0_1713.0,0.0,1.0,"Male"
cpb-aacip-80-46qz6s2w__5826.0_5836.0,1.0,1.0,"Male"
cpb-aacip-86-82k6dt5k.h264__528.0_538.0,4.0,1.0,"Male with background noise"
cpb-aacip-17-97xktqjf.h264__632.0_642.0,3.0,1.0,"Male with background noise"
cpb-aacip-27-qv3bz61s41__WYSO_UN_5___977.0_987.0,2.0,1.0,"Female"
cpb-aacip-127-0644j324.h264__1033.0_1043.0,3.0,1.0,"Music"
cpb-aacip-120-8380gnwf.h264__515.0_525.0,2.0,1.0,"Male"
cpb-aacip-37-924b8s1v.h264__493.0_503.0,4.0,1.0,"Female"
cpb-aacip-80-7312kdpj__1304.0_1314.0,3.0,1.0,"Female"
cpb-aacip-15-g44hm52s8p__barcode49028_clip2_.h264__153.0_163.0,1.0,1.0,"Male with background noise"
cpb-aacip-394-14nk9bcg.h264__637.0_647.0,3.0,1.0,"Male"
cpb-aacip-15-9g44hq5c__104125_.h264__158.0_168.0,3.0,1.0,"Female with background noise"
cpb-aacip-309-021c5b54__Big_Chief_Smiley-1__4.0_14.0,0.0,1.0,"Male with background noise"
cpb-aacip-129-b27pn8xk6z__4NCP2309YY_.h264__1296.0_1306.0,2.0,1.0,"Male"
cpb-aacip-17-92g7bd5n.h264__885.0_895.0,3.0,1.0,"Male"
cpb-aacip-83-36547pqh.h264__2059.0_2069.0,2.0,1.0,"Male"
cpb-aacip-15-w08w951060__barcode49714_.h264__1061.0_1071.0,1.0,1.0,"Male"
cpb-aacip-15-4q7qn5zb3z__26284-2010_11_01_.h264__2530.0_2540.0,3.0,1.0,"Male"
cpb-aacip-80-7312kdpj__1304.0_1314.0,0.0,1.0,"Female"
cpb-aacip-60-03cz8wz8.h264__245.0_255.0,2.0,1.0,"Background noise"
cpb-aacip-16-sn00z71h87__focus030630b___1155.0_1165.0,3.0,1.0,"Multiple Speakers"
cpb-aacip-398-881jx4kx.h264__230.0_240.0,1.0,1.0,"Background noise"
cpb-aacip-15-70zpcpnp__1060.0_1070.0,0.0,1.0,"Male"
cpb-aacip-245-30bvqdm9.h264__504.0_514.0,3.0,1.0,"Silence"
cpb-aacip-41-26xwdnz0.h264__94.0_104.0,3.0,1.0,"Female"
cpb-aacip-309-25x69rqf__Worry__23.0_33.0,0.0,1.0,"Female"
cpb-aacip-43-np1wd3qd13__10564923___1.0_11.0,1.0,1.0,"Female"
cpb-aacip-41-58bg7gx0.h264__830.0_840.0,2.0,1.0,"Male"
cpb-aacip-15-xg9f47h66w__ess05_vid_flood_.h264__1432.0_1442.0,2.0,1.0,"Silence"
cpb-aacip-153-90rr5763.h264__3483.0_3493.0,4.0,1.0,"Music"
cpb-aacip-129-b27pn8xk6z__4NCP2309YY_.h264__123.0_133.0,2.0,1.0,"Male"
cpb-aacip-29-580k6n0t.h264__930.0_940.0,1.0,1.0,"Male"
cpb-aacip-16-09j3v3j8.h264__310.0_320.0,0.0,1.0,"Silence"
cpb-aacip-15-ws8hd7p639__26979-2010_10_31_.h264__859.0_869.0,0.0,1.0,"Male"
cpb-aacip-62-mp4vh5cw65__netnola_bljl_57_doc_.h264__871.0_881.0,3.0,1.0,"Male"
cpb-aacip-259-vm42v94x.h264__1692.0_1702.0,3.0,1.0,"Applause"
cpb-aacip-500-fx74008h__38.0_48.0,3.0,1.0,"Music"
cpb-aacip-384-19f4qvfw.h264__295.0_305.0,4.0,1.0,"Male"
cpb-aacip-500-cr5ndp7x__291.0_301.0,0.0,1.0,"Male"
cpb-aacip-16-7h1dj58s9w__focus041215a___122.0_132.0,2.0,1.0,"Male"
cpb-aacip-41-95j9kt3z.h264__74.0_84.0,2.0,1.0,"Female"
cpb-aacip-86-78gf24fv.h264__603.0_613.0,0.0,1.0,"Silence"
cpb-aacip-151-1c1td9nh2g__fma-2-62453-int-20120620_.h264__871.0_881.0,4.0,1.0,"Not Sure"
cpb-aacip-24-8s4jm23m4x__1407.0_1417.0,2.0,1.0,"Music"
cpb-aacip-86-82k6dt5k.h264__528.0_538.0,4.0,1.0,"Male with background noise"
cpb-aacip-41-61djhhkv.h264__30.0_40.0,1.0,1.0,"Male"
cpb-aacip-55-ks6j09wj3g__cpb-aacip-55-25x6bfzm.mpeg2_.h264__2223.0_2233.0,4.0,1.0,"Male with background noise"
cpb-aacip-15-rx9377679s__barcode301204-1_.h264__274.0_284.0,4.0,1.0,"Background noise"
cpb-aacip-15-687h4jpj__891.0_901.0,1.0,1.0,"Male"
cpb-aacip-225-418kpwn4.h264__202.0_212.0,4.0,1.0,"Male"
cpb-aacip-43-n58cf9jn1v__10355508___307.0_317.0,1.0,1.0,"Female"
cpb-aacip-15-jm23b5wh6f__200201A18A_.h264__120.0_130.0,2.0,1.0,"Male with background noise"
cpb-aacip-41-70zpcwqg.h264__1291.0_1301.0,1.0,1.0,"Female"
cpb-aacip-259-542j9q27.h264__24.0_34.0,3.0,1.0,"Background noise"
cpb-aacip-77-51vdpkbd.h264__820.0_830.0,1.0,1.0,"Male"
cpb-aacip-15-cr5n87334n__nasa09_vid_saldeep_.h264__78.0_88.0,1.0,1.0,"Male"
cpb-aacip-259-862bbr5r.h264__865.0_875.0,0.0,1.0,"Multiple Speakers"
cpb-aacip-225-418kpwn4.h264__1941.0_1951.0,3.0,1.0,"Male"
cpb-aacip-15-xg9f47h66w__ess05_vid_flood_.h264__1432.0_1442.0,3.0,1.0,"Silence"
cpb-aacip-41-612ngvcw.h264__439.0_449.0,3.0,1.0,"Applause"
cpb-aacip-15-848pkg93__1295.0_1305.0,2.0,1.0,"Male"
cpb-aacip-235-42n5v9dk.h264__1332.0_1342.0,1.0,1.0,"Music"
cpb-aacip-153-38jdfsp3__705.0_715.0,2.0,1.0,"Music"
cpb-aacip-15-ws8hd7p639__26979-2010_10_31_.h264__859.0_869.0,2.0,1.0,"Male"
cpb-aacip-22-085hqctq.h264__175.0_185.0,2.0,1.0,"Male"
cpb-aacip-41-77sn0mqp.h264__3351.0_3361.0,1.0,1.0,"Male"
cpb-aacip-259-833mzm51.h264__1451.0_1461.0,0.0,1.0,"Male with background noise"
cpb-aacip-120-03cz8zz5.h264__823.0_833.0,1.0,1.0,"Male"
cpb-aacip-15-b56d21rq0m__barcode50288_.h264__266.0_276.0,2.0,1.0,"Male"
cpb-aacip-30-f76639kj92__ic_lockhardt4___132.0_142.0,0.0,1.0,"Male"
cpb-aacip-80-14nk9pzp__2350.0_2360.0,2.0,1.0,"Male"
cpb-aacip-500-qf8jjr7n__873.0_883.0,2.0,1.0,"Music"
cpb-aacip-309-68x964fv__1917__22.902_32.902,2.0,1.0,"Male with background noise"
cpb-aacip-80-612nh4w6__6546.0_6556.0,3.0,1.0,"Male"
cpb-aacip-131-150gb6zn.h264__621.0_631.0,4.0,1.0,"Male with background noise"
cpb-aacip-111-68x96632.h264__526.0_536.0,2.0,1.0,"Music"
cpb-aacip-15-300zpnkj__1252.0_1262.0,3.0,1.0,"Male"
cpb-aacip-500-9c6s2t83__1287.0_1297.0,3.0,1.0,"Male"
cpb-aacip-15-30prrfm2__3711.0_3721.0,3.0,1.0,"Male"
cpb-aacip-15-9882j68b28__23968-2010_03_17_.h264__3388.0_3398.0,3.0,1.0,"Female"
cpb-aacip-75-47dr814t.h264__1017.0_1027.0,3.0,1.0,"Male"
cpb-aacip-15-0k26970c5s__20111003CCS___728.0_738.0,0.0,1.0,"Male"
cpb-aacip-378-51hhmncc.h264__1341.0_1351.0,2.0,1.0,"Male"
cpb-aacip-309-19s1rq11__1431__27.389_37.389,3.0,1.0,"Female with background noise"
cpb-aacip-80-13mw791t__5135.0_5145.0,1.0,1.0,"Female"
cpb-aacip-235-451g2m62.h264__1174.0_1184.0,2.0,1.0,"Female"
cpb-aacip-15-ns0ks6jf2v__25888-2010_10_22-RAW_.h264__2107.0_2117.0,0.0,1.0,"Male"
cpb-aacip-500-0p0wtn40__1579.0_1589.0,3.0,1.0,"Male"
cpb-aacip-15-612ngt37__3194.0_3204.0,1.0,1.0,"Male with background noise"
cpb-aacip-75-09j3v8qv.h264__296.0_306.0,4.0,1.0,"Male"
cpb-aacip-86-31cjt1vc.h264__199.0_209.0,0.0,1.0,"Male"
cpb-aacip-15-73bzkx9d__398.0_408.0,4.0,1.0,"Music"
cpb-aacip-394-70zpcpms.h264__977.0_987.0,0.0,1.0,"Male"
cpb-aacip-30-f76639kj92__ic_lockhardt4___132.0_142.0,2.0,1.0,"Not Sure"
cpb-aacip-15-jq0sq8qn59__barcode18851_tribute340_.h264__53.0_63.0,3.0,1.0,"Background noise"
cpb-aacip-16-w66930pg5x__focus041213a___1757.0_1767.0,4.0,1.0,"Female"
cpb-aacip-120-1937q0sv.h264__1463.0_1473.0,0.0,1.0,"Female"
cpb-aacip-245-30bvqdm9.h264__622.0_632.0,0.0,1.0,"Background noise"
cpb-aacip-15-25x69z1p__73.0_83.0,0.0,1.0,"Female"
cpb-aacip-378-51hhmncc.h264__1562.0_1572.0,2.0,1.0,"Male"
cpb-aacip-500-c24qpn7w__135.0_145.0,4.0,1.0,"Male"
cpb-aacip-41-77sn0mqp.h264__2332.0_2342.0,3.0,1.0,"Male"
cpb-aacip-43-7m03x83w4b__10563833___262.0_272.0,3.0,1.0,"Male"
cpb-aacip-398-2908kvn6.h264__448.0_458.0,2.0,1.0,"Male"
cpb-aacip-15-9995xpjw__1698.0_1708.0,0.0,1.0,"Male"
cpb-aacip-151-bz6154f72d__fma-2-62574-int-20120628_.h264__578.0_588.0,2.0,1.0,"Silence"
cpb-aacip-15-91sf8427.h264__312.0_322.0,1.0,1.0,"Silence"
cpb-aacip-500-pz51m86g__675.0_685.0,3.0,1.0,"Male"
cpb-aacip-211-97xkt3cx__3630.0_3640.0,0.0,1.0,"Music"
cpb-aacip-111-68x96632.h264__526.0_536.0,2.0,1.0,"Music"
cpb-aacip-15-v69862bq46__barcode104111_.h264__145.0_155.0,2.0,1.0,"Male"
cpb-aacip-129-2908kwdm.h264__876.0_886.0,1.0,1.0,"Male"
cpb-aacip-345-18dfn4rv__1577.0_1587.0,4.0,1.0,"Female"
cpb-aacip-80-13mw791t__5135.0_5145.0,0.0,1.0,"Female"
cpb-aacip-15-b56d21rq0m__barcode50288_.h264__266.0_276.0,2.0,1.0,"Male"
cpb-aacip-17-48sbdbc4.h264__987.0_997.0,0.0,1.0,"Male"
cpb-aacip-15-56zw43d1__954.0_964.0,2.0,1.0,"Music"
cpb-aacip-129-2908kwdm.h264__835.0_845.0,4.0,1.0,"Male"
cpb-aacip-75-09j3v8qv.h264__296.0_306.0,1.0,1.0,"Male"
cpb-aacip-43-9995xp4x__1116.0_1126.0,1.0,1.0,"Male"
cpb-aacip-15-9g737346__215470_20120105CCS__3346.0_3356.0,4.0,1.0,"Female"
cpb-aacip-500-0p0wtn40__1579.0_1589.0,2.0,1.0,"Male"
cpb-aacip-259-833mzm51.h264__1451.0_1461.0,3.0,1.0,"Male with background noise"
cpb-aacip-15-687h4jpj__891.0_901.0,1.0,1.0,"Male"
cpb-aacip-200-66j0zxdv.h264__257.0_267.0,4.0,1.0,"Female with background noise"
cpb-aacip-15-10jsxtdn__515.0_525.0,3.0,1.0,"Female"
cpb-aacip-41-94hmh46w.h264__94.0_104.0,2.0,1.0,"Male with background noise"
cpb-aacip-17-81jhbxv2.h264__391.0_401.0,4.0,1.0,"Music"
cpb-aacip-259-3r0pvm6v.h264__300.0_310.0,0.0,1.0,"Female with background noise"
cpb-aacip-129-80ht7k6c.h264__1145.0_1155.0,4.0,1.0,"Multiple Speakers"
cpb-aacip-16-7h1dj58s9w__focus041215a___2259.0_2269.0,1.0,1.0,"Male"
cpb-aacip-60-25x69sg6.h264__174.0_184.0,3.0,1.0,"Male with background noise"
cpb-aacip-83-36547pqh.h264__2059.0_2069.0,2.0,1.0,"Male"
cpb-aacip-75-81wdc572.h264__7074.0_7084.0,4.0,1.0,"Music"
cpb-aacip-500-4746tw5k__427.0_437.0,3.0,1.0,"Male with background noise"
cpb-aacip-55-56n03r61.h264__177.0_187.0,1.0,1.0,"Background noise"
cpb-aacip-75-37vmczpr.h264__110.0_120.0,4.0,1.0,"Music"
cpb-aacip-75-37vmczpr.h264__681.0_691.0,0.0,1.0,"Female with background noise"
cpb-aacip-60-504xh3pf.h264__1073.0_1083.0,3.0,1.0,"Multiple Speakers"
cpb-aacip-206-95w6mkg4__312.0_322.0,1.0,1.0,"Female"
cpb-aacip-15-91fj773h__662.0_672.0,0.0,1.0,"Music"
cpb-aacip-80-14nk9pzp__2350.0_2360.0,2.0,1.0,"Applause"
cpb-aacip-15-b27pn8xh25__21927-2009_10_21_.h264__204.0_214.0,2.0,1.0,"Female"
cpb-aacip-30-515mmdks__1548.0_1558.0,3.0,1.0,"Female"
cpb-aacip-77-9673p595.h264__2639.0_2649.0,1.0,1.0,"Male"
cpb-aacip-15-ns0ks6jf2v__25888-2010_10_22-RAW_.h264__2750.0_2760.0,1.0,1.0,"Male"
cpb-aacip-15-70zpcpnp__1060.0_1070.0,0.0,1.0,"Male"
cpb-aacip-15-55z61fvf__1762.0_1772.0,0.0,1.0,"Not Sure"
cpb-aacip-75-37vmczpr.h264__681.0_691.0,0.0,1.0,"Not Sure"
cpb-aacip-29-82x3fqk7.h264__1443.0_1453.0,3.0,1.0,"Male"
cpb-aacip-41-58bg7gx0.h264__475.0_485.0,3.0,1.0,"Male"
cpb-aacip-15-5370s8vp.h264__140.0_150.0,4.0,1.0,"Female"
cpb-aacip-15-ms3jw86t45__barcode49002_.h264__560.0_570.0,1.0,1.0,"Silence"
cpb-aacip-111-67wm3hkw.h264__954.0_964.0,3.0,1.0,"Male"
cpb-aacip-500-b56d625m__1373.0_1383.0,2.0,1.0,"Male"
cpb-aacip-86-46d258rh.h264__1332.0_1342.0,3.0,1.0,"Male"
cpb-aacip-500-zp3vzk8c__250.0_260.0,1.0,1.0,"Male"
cpb-aacip-83-042rc21t.h264__1712.0_1722.0,1.0,1.0,"Male"
cpb-aacip-235-41zcsnt9__6736.0_6746.0,0.0,1.0,"Female with background noise"
cpb-aacip-41-61djhhkv.h264__30.0_40.0,0.0,1.0,"Male"
cpb-aacip-15-s46h12vh7p__barcode88186_.h264__844.0_854.0,0.0,1.0,"Female"
cpb-aacip-500-gx44vt61__1267.957_1277.957,1.0,1.0,"Male"
cpb-aacip-151-445h98zs8s__fma_2_752_5_2_pres_20090424__471.0_481.0,4.0,1.0,"Female"
cpb-aacip-41-26xwdnz0.h264__94.0_104.0,0.0,1.0,"Male"
cpb-aacip-15-96k0pjpm__1682.0_1692.0,4.0,1.0,"Music"
cpb-aacip-86-504xh2s3.h264__1699.0_1709.0,3.0,1.0,"Male"
cpb-aacip-62-mp4vh5cw65__netnola_bljl_57_doc_.h264__129.0_139.0,4.0,1.0,"Male"
cpb-aacip-80-14nk9pzp__2350.0_2360.0,4.0,1.0,"Male"
cpb-aacip-55-ks6j09wj3g__cpb-aacip-55-25x6bfzm.mpeg2_.h264__2223.0_2233.0,1.0,1.0,"Male with background noise"
cpb-aacip-500-2j68725q__3388.0_3398.0,1.0,1.0,"Not Sure"
cpb-aacip-224-62s4n3ng__32.0_42.0,4.0,1.0,"Female"
cpb-aacip-41-12z350s8.h264__2054.0_2064.0,4.0,1.0,"Male"
cpb-aacip-15-6d5p843z2k__4231-2008_11_11_.h264__1209.0_1219.0,0.0,1.0,"Male"
cpb-aacip-43-214mwkfw__2190.0_2200.0,1.0,1.0,"Male"
cpb-aacip-50-182jm94g__178.0_188.0,2.0,1.0,"Music"
cpb-aacip-43-n58cf9jn1v__10355508___307.0_317.0,1.0,1.0,"Female"
cpb-aacip-15-w08w951c33__20100924ERS___2018.0_2028.0,2.0,1.0,"Not Sure"
cpb-aacip-15-086348gh69__barcode111906_CBS132_996OT_.h264__538.0_548.0,4.0,1.0,"Male"
cpb-aacip-15-52w3rdn8__1871.0_1881.0,3.0,1.0,"Male"
cpb-aacip-16-hm52f7k75t__focus011003b___2306.0_2316.0,0.0,1.0,"Male"
cpb-aacip-41-72b8h9tz.h264__683.0_693.0,1.0,1.0,"Male with background noise"
cpb-aacip-16-hm52f7k75t__focus011003b___605.0_615.0,4.0,1.0,"Male"
cpb-aacip-16-hm52f7k75t__focus011003b___605.0_615.0,4.0,1.0,"Male"
cpb-aacip-41-106wwrb2.h264__1378.0_1388.0,1.0,1.0,"Noise"
cpb-aacip-30-515mmdks__1548.0_1558.0,1.0,1.0,"Female with background noise"
cpb-aacip-127-02q576c6.h264__705.0_715.0,1.0,1.0,"Female with background noise"
cpb-aacip-77-16pzhnck.h264__139.0_149.0,3.0,1.0,"Male with background noise"
cpb-aacip-500-2j68725q__3388.0_3398.0,1.0,1.0,"Not Sure"
cpb-aacip-41-106wwrb2.h264__1378.0_1388.0,3.0,1.0,"Silence"
cpb-aacip-15-91sf83tr__25.295_35.295,0.0,1.0,"Male"
cpb-aacip-15-26m0cr75.h264__491.0_501.0,2.0,1.0,"Silence"
cpb-aacip-15-25x69xqt__1960.0_1970.0,4.0,1.0,"Male"
cpb-aacip-15-7312k17s.h264__2868.0_2878.0,3.0,1.0,"Male with background noise"
cpb-aacip-15-cj87h1dr5k__barcode279111_.h264__1258.0_1268.0,1.0,1.0,"Male"
cpb-aacip-28-1c1td9nb6b__PRA_AAPP_BB1071_What_the_Negro_writer_is_not_saying___1259.0_1269.0,2.0,1.0,"Male"
cpb-aacip-15-833mw28h5s__10372-2009_02_11_.h264__79.0_89.0,3.0,1.0,"Male"
cpb-aacip-387-5269pfc2.h264__1537.0_1547.0,4.0,1.0,"Male"
cpb-aacip-225-93gxdb91.h264__1961.326_1971.326,2.0,1.0,"Male"
cpb-aacip-120-03cz8zz5.h264__823.0_833.0,3.0,1.0,"Male"
cpb-aacip-500-gx44vt61__1630.0_1640.0,1.0,1.0,"Male with background noise"
cpb-aacip-43-7p8tb0z180__10439675___36.0_46.0,4.0,1.0,"Male"
cpb-aacip-15-ks6j09wc05__ABC61977_.h264__90.0_100.0,0.0,1.0,"Background noise"
cpb-aacip-17-48sbdbc4.h264__1244.0_1254.0,4.0,1.0,"Male with background noise"
cpb-aacip-151-1c1td9nh2g__fma-2-62453-int-20120620_.h264__871.0_881.0,0.0,1.0,"Not Sure"
cpb-aacip-500-j09w5093__579.0_589.0,3.0,1.0,"Male"
cpb-aacip-15-4q7qn5zb3z__26284-2010_11_01_.h264__2530.0_2540.0,4.0,1.0,"Male"
cpb-aacip-221-1615f186.h264__937.0_947.0,4.0,1.0,"Male"
cpb-aacip-41-612ngvcw.h264__439.0_449.0,0.0,1.0,"Applause"
cpb-aacip-27-x34mk65t6w__WYSO_PA_641-10___4243.0_4253.0,0.0,1.0,"Male"
cpb-aacip-500-3j393w24__1056.0_1066.0,0.0,1.0,"Music"
cpb-aacip-305-752fr643__1071.0_1081.0,1.0,1.0,"Not Sure"
cpb-aacip-41-913n6h4j.h264__1157.0_1167.0,1.0,1.0,"Male"
cpb-aacip-384-70msbm83.h264__1311.0_1321.0,1.0,1.0,"Music"
cpb-aacip-257-720cg60g.h264__1062.0_1072.0,1.0,1.0,"Music"
cpb-aacip-15-848pkg93__1295.0_1305.0,3.0,1.0,"Male"
cpb-aacip-15-02c86ftp__1486.0_1496.0,3.0,1.0,"Male with background noise"
cpb-aacip-77-50gtjz0p.h264__931.0_941.0,4.0,1.0,"Female"
cpb-aacip-398-881jx4kx.h264__230.0_240.0,0.0,1.0,"Background noise"
cpb-aacip-500-3j393x2b__993.0_1003.0,4.0,1.0,"Male"
cpb-aacip-55-9995z804.h264__992.0_1002.0,0.0,1.0,"Male with background noise"
cpb-aacip-15-n00zp3w507__19433-2009_04_30_.h264__3057.0_3067.0,0.0,1.0,"Female"
cpb-aacip-500-pz51m86g__1215.0_1225.0,0.0,1.0,"Silence"
cpb-aacip-30-49g4g0vc__1438.0_1448.0,3.0,1.0,"Male with background noise"
cpb-aacip-309-56zw3x4r__Animal_Verbs-2__82.0_92.0,4.0,1.0,"Male"
cpb-aacip-77-9673p595.h264__3588.0_3598.0,2.0,1.0,"Music"
cpb-aacip-29-515mks96.h264__1322.0_1332.0,3.0,1.0,"Female with background noise"
cpb-aacip-259-542j9q27.h264__24.0_34.0,2.0,1.0,"Background noise"
cpb-aacip-75-3331znrm.h264__1557.0_1567.0,1.0,1.0,"Male"
cpb-aacip-29-82k6dv0r.h264__775.0_785.0,4.0,1.0,"Music"
cpb-aacip-15-g73707wx68__barcode18828_.h264__53.0_63.0,0.0,1.0,"Background noise"
cpb-aacip-309-55z617q0__Butterfly__37.275_47.275,0.0,1.0,"Female"
cpb-aacip-60-07gqnm2j.h264__892.0_902.0,2.0,1.0,"Male with background noise"
cpb-aacip-500-th8bmm92__953.0_963.0,2.0,1.0,"Female"
cpb-aacip-17-07gqpb0j.h264__482.0_492.0,4.0,1.0,"Female"
cpb-aacip-15-720cgc60__2455.0_2465.0,1.0,1.0,"Male"
cpb-aacip-78-4947dvhp__62.0_72.0,1.0,1.0,"Male"
cpb-aacip-500-g7374t3m__1598.0_1608.0,4.0,1.0,"Male"
cpb-aacip-402-956djt4c__613.0_623.0,3.0,1.0,"Male"
cpb-aacip-43-7p8tb0z180__10439675___87.0_97.0,1.0,1.0,"Male"
cpb-aacip-15-25x69xqt__1960.0_1970.0,4.0,1.0,"Male"
cpb-aacip-77-02q57zt0.h264__139.0_149.0,0.0,1.0,"Male"
cpb-aacip-398-2908kvn6.h264__448.0_458.0,2.0,1.0,"Male"
cpb-aacip-41-38w9gvxg.h264__110.0_120.0,0.0,1.0,"Music"
cpb-aacip-15-dz02z12x9c__23813-2010_02_13Cap29-RAW_.h264__15.0_25.0,2.0,1.0,"Male"
cpb-aacip-15-jm23b5wh6f__200201A18A_.h264__120.0_130.0,0.0,1.0,"Male with background noise"
cpb-aacip-259-0r9m5j81.h264__1501.0_1511.0,3.0,1.0,"Male"
cpb-aacip-127-02q576c6.h264__1846.0_1856.0,0.0,1.0,"Female"
cpb-aacip-16-f18sb3x90v__focus001222a___279.0_289.0,1.0,1.0,"Male"
cpb-aacip-394-79573xgw.h264__984.0_994.0,3.0,1.0,"Male"
cpb-aacip-221-0644j5nh.h264__624.0_634.0,2.0,1.0,"Female"
cpb-aacip-15-96k0pjpm__518.0_528.0,2.0,1.0,"Music"
cpb-aacip-43-214mwkfw__2891.0_2901.0,2.0,1.0,"Male"
cpb-aacip-15-b56d21rq0m__barcode50288_.h264__781.0_791.0,1.0,1.0,"Male"
cpb-aacip-500-0p0wtn40__1105.0_1115.0,0.0,1.0,"Male"
cpb-aacip-77-02q57zt0.h264__1658.0_1668.0,2.0,1.0,"Male with background noise"
cpb-aacip-500-pz51m86g__675.0_685.0,3.0,1.0,"Male"
cpb-aacip-15-15p8d7xj__457.0_467.0,3.0,1.0,"Female"
cpb-aacip-500-0p0wtn40__1579.0_1589.0,1.0,1.0,"Male"
cpb-aacip-129-2908kwdm.h264__876.0_886.0,1.0,1.0,"Male"
cpb-aacip-75-81wdc572.h264__7074.0_7084.0,2.0,1.0,"Music"
cpb-aacip-398-0966t2n5.h264__1127.0_1137.0,3.0,1.0,"Male"
cpb-aacip-15-41zcrw36__2710.0_2720.0,4.0,1.0,"Male"
cpb-aacip-15-dj58c9rq6v__Audio_test_file_DM5___204.0_214.0,2.0,1.0,"Music"
cpb-aacip-15-vx05x2669c__20110715CCS___3133.0_3143.0,4.0,1.0,"Multiple Speakers"
cpb-aacip_505-z31ng4hm11_DV_1_38.aiff__104.0_114.0,1.0,1.0,"Music"
cpb-aacip-77-50gtjz0p.h264__931.0_941.0,4.0,1.0,"Female"
cpb-aacip-15-jm23b5wh6f__200201A18A_.h264__71.0_81.0,0.0,1.0,"Female with background noise"
cpb-aacip-500-3j393w24__1411.0_1421.0,0.0,1.0,"Music"
cpb-aacip-129-b27pn8xk6z__4NCP2309YY_.h264__123.0_133.0,3.0,1.0,"Male"
cpb-aacip-398-45cc2p11.h264__771.0_781.0,3.0,1.0,"Background noise"
cpb-aacip-15-513tt4fv0v__orlando_hour_2_jackie_class_.h264__38.0_48.0,4.0,1.0,"Female"
cpb-aacip_505-z31ng4hm11_DV_1_38.aiff__104.0_114.0,2.0,1.0,"Music"
cpb-aacip-43-81wdcb6p__2454.0_2464.0,4.0,1.0,"Female"
cpb-aacip-15-10jsxtdn__952.0_962.0,2.0,1.0,"Female"
cpb-aacip-28-nk3610w827__PRA_AAPP_BB0170_How_to_be_sane_though_Negro___1064.0_1074.0,2.0,1.0,"Male"
cpb-aacip-29-515mks96.h264__1322.0_1332.0,2.0,1.0,"Female with background noise"
cpb-aacip-41-106wwrb2.h264__1378.0_1388.0,3.0,1.0,"Silence"
cpb-aacip-29-246q5b8z.h264__890.0_900.0,2.0,1.0,"Male"
cpb-aacip-500-pz51m86g__675.0_685.0,3.0,1.0,"Male"
cpb-aacip-15-w08w951060__barcode49714_.h264__1061.0_1071.0,0.0,1.0,"Male"
cpb-aacip-15-9882j68b28__23968-2010_03_17_.h264__3388.0_3398.0,1.0,1.0,"Female"
cpb-aacip-43-9995xp4x__1539.0_1549.0,2.0,1.0,"Male"
cpb-aacip-43-870vtm72__75.0_85.0,1.0,1.0,"Male"
cpb-aacip-15-41zcrw36__2710.0_2720.0,2.0,1.0,"Male"
cpb-aacip-80-46qz6s2w__5826.0_5836.0,0.0,1.0,"Male"
cpb-aacip-62-mp4vh5cw65__netnola_bljl_57_doc_.h264__871.0_881.0,3.0,1.0,"Male"
cpb-aacip-43-67wm3ns0__2886.0_2896.0,1.0,1.0,"Male"
cpb-aacip-24-mk6542jn1m__2338.0_2348.0,4.0,1.0,"Music"
cpb-aacip-211-97xkt3cx__3630.0_3640.0,1.0,1.0,"Music"
cpb-aacip-22-085hqctq.h264__175.0_185.0,2.0,1.0,"Male with background noise"
cpb-aacip-500-2j68712s__91.0_101.0,1.0,1.0,"Male"
cpb-aacip-402-579s4tn0__1775.0_1785.0,2.0,1.0,"Male"
cpb-aacip-41-12z350s8.h264__2054.0_2064.0,3.0,1.0,"Male"
cpb-aacip-15-9g44hq5c__104125_.h264__52.0_62.0,1.0,1.0,"Male"
cpb-aacip-206-95w6mkg4__312.0_322.0,2.0,1.0,"Female"
cpb-aacip-15-8605qxnt__2512.0_2522.0,3.0,1.0,"Music"
cpb-aacip-259-028pfc9d.h264__2662.0_2672.0,2.0,1.0,"Male"
cpb-aacip-30-78tb3s0b__224.0_234.0,3.0,1.0,"Male"
cpb-aacip-15-91fj773h__1748.0_1758.0,1.0,1.0,"Music"
cpb-aacip-16-f18sb3x90v__focus001222a___1345.0_1355.0,3.0,1.0,"Male"
cpb-aacip-111-61rfjgmp.h264__69.0_79.0,3.0,1.0,"Male with background noise"
cpb-aacip-77-16pzhnck.h264__1336.0_1346.0,2.0,1.0,"Male"
cpb-aacip-127-02q576c6.h264__1846.0_1856.0,0.0,1.0,"Female"
cpb-aacip-29-547pvt14.h264__748.0_758.0,3.0,1.0,"Male"
cpb-aacip-309-55z617q0__Butterfly__14.0_24.0,3.0,1.0,"Female"
cpb-aacip-378-51hhmncc.h264__1341.0_1351.0,0.0,1.0,"Male"
cpb-aacip-15-vx05x2669c__20110715CCS___670.0_680.0,2.0,1.0,"Male"
cpb-aacip-259-3r0pvm6v.h264__300.0_310.0,3.0,1.0,"Female"
cpb-aacip-80-46qz6s2w__5826.0_5836.0,3.0,1.0,"Male"
cpb-aacip-500-j09w5093__1097.0_1107.0,4.0,1.0,"Male"
cpb-aacip-398-881jx4kx.h264__230.0_240.0,3.0,1.0,"Background noise"
cpb-aacip-50-182jm94g__178.0_188.0,1.0,1.0,"Music"
cpb-aacip-16-wp9t14v723__focus010228a___1642.0_1652.0,0.0,1.0,"Male"
cpb-aacip-259-5h7bvh9w.h264__1220.0_1230.0,1.0,1.0,"Female with background noise"
cpb-aacip-41-66j104wj.h264__1179.0_1189.0,0.0,1.0,"Not Sure"
cpb-aacip-24-qn5z60cb6q__2076.0_2086.0,0.0,1.0,"Music"
cpb-aacip-16-qz22b8vz2w__focus040910b___2630.0_2640.0,1.0,1.0,"Male"
cpb-aacip-77-50gtjz0p.h264__931.0_941.0,4.0,1.0,"Female"
cpb-aacip-129-80ht7k6c.h264__1294.0_1304.0,3.0,1.0,"Music"
cpb-aacip-41-913n6h4j.h264__1157.0_1167.0,3.0,1.0,"Male"
cpb-aacip-75-45q83j16.h264__773.0_783.0,1.0,1.0,"Female"
cpb-aacip-15-91fj773h__662.0_672.0,4.0,1.0,"Music"
cpb-aacip-43-70msc097__343.0_353.0,2.0,1.0,"Female"
cpb-aacip-151-445h98zs8s__fma_2_752_5_2_pres_20090424__471.0_481.0,2.0,1.0,"Female"
cpb-aacip-500-th8bmm92__953.0_963.0,1.0,1.0,"Female"
cpb-aacip-22-84mkm55z.h264__162.0_172.0,2.0,1.0,"Male"
cpb-aacip-402-956djt4c__613.0_623.0,2.0,1.0,"Male"
cpb-aacip-500-qn5zb850__218.0_228.0,2.0,1.0,"Male"
cpb-aacip-15-ms3jw86t45__barcode49002_.h264__560.0_570.0,1.0,1.0,"Silence"
cpb-aacip-224-2683bpgd__882.0_892.0,2.0,1.0,"Male with background noise"
cpb-aacip-41-66j104wj.h264__1740.0_1750.0,0.0,1.0,"Male"
cpb-aacip-309-25x69rqf__Worry__23.0_33.0,0.0,1.0,"Female"
cpb-aacip-75-3331znrm.h264__377.0_387.0,4.0,1.0,"Silence"
cpb-aacip-77-7634vstt.h264__1407.0_1417.0,4.0,1.0,"Not Sure"
cpb-aacip-29-322bvtxf.h264__1419.0_1429.0,4.0,1.0,"Female"
cpb-aacip-77-16pzhnck.h264__139.0_149.0,2.0,1.0,"Male with background noise"
cpb-aacip-259-0r9m5j81.h264__611.0_621.0,1.0,1.0,"Male"
cpb-aacip-77-82k6fr9p.h264__701.0_711.0,2.0,1.0,"Female"
cpb-aacip-309-25x69rqf__Worry__23.0_33.0,3.0,1.0,"Female"
cpb-aacip-500-hq3s037r__458.0_468.0,4.0,1.0,"Music"
cpb-aacip-78-72p5jggr.h264__3244.0_3254.0,3.0,1.0,"Male"
cpb-aacip-15-9rf5kf36__222455_20120619ERS__2049.0_2059.0,4.0,1.0,"Male"
cpb-aacip-80-27mpgm77__2493.0_2503.0,4.0,1.0,"Male"
cpb-aacip-30-49g4g0vc__1438.0_1448.0,3.0,1.0,"Male with background noise"
cpb-aacip-15-02c86ftp__1486.0_1496.0,4.0,1.0,"Male with background noise"
cpb-aacip-16-hm52f7k75t__focus011003b___605.0_615.0,3.0,1.0,"Male"
cpb-aacip-500-bz619c69__771.0_781.0,1.0,1.0,"Male"
cpb-aacip-394-70zpcpms.h264__1259.0_1269.0,3.0,1.0,"Male"
cpb-aacip-309-68x964fv__1917__9.0_19.0,3.0,1.0,"Male with background noise"
cpb-aacip-15-1937q510__2523.0_2533.0,1.0,1.0,"Male"
cpb-aacip-41-95j9kt3z.h264__74.0_84.0,4.0,1.0,"Female"
cpb-aacip-15-jq0sq8qn59__barcode18851_tribute340_.h264__53.0_63.0,2.0,1.0,"Background noise"
cpb-aacip-15-720cgc60__2455.0_2465.0,4.0,1.0,"Male"
cpb-aacip-15-1937q510__2523.0_2533.0,3.0,1.0,"Silence"
cpb-aacip-41-28nck0s1.h264__673.0_683.0,4.0,1.0,"Male"
cpb-aacip-15-vx05x2669c__20110715CCS___670.0_680.0,0.0,1.0,"Male"
cpb-aacip-30-82x3gbk9__1359.0_1369.0,3.0,1.0,"Male"
cpb-aacip-15-9882j68b28__23968-2010_03_17_.h264__3388.0_3398.0,4.0,1.0,"Female"
cpb-aacip-80-13mw791t__5135.0_5145.0,1.0,1.0,"Female"
cpb-aacip-43-zk55d8p20f__10377228___476.0_486.0,4.0,1.0,"Male"
cpb-aacip-402-579s4tn0__1775.0_1785.0,0.0,1.0,"Male"
cpb-aacip-500-kw57jd2k__1528.0_1538.0,3.0,1.0,"Male"
cpb-aacip-235-451g2m62.h264__1174.0_1184.0,0.0,1.0,"Female"
cpb-aacip-55-0g3gx4502h__cpb-aacip-55-042rcc0q.mpeg2_.h264__952.0_962.0,2.0,1.0,"Female"
cpb-aacip-15-17crjpmm.h264__30.0_40.0,0.0,1.0,"Noise"
cpb-aacip-359-82k6dwkx.h264__364.0_374.0,3.0,1.0,"Female"
cpb-aacip-80-14nk9pzp__2350.0_2360.0,1.0,1.0,"Male"
cpb-aacip-200-66j0zxdv.h264__288.0_298.0,2.0,1.0,"Female with background noise"
cpb-aacip-15-9882j68b28__23968-2010_03_17_.h264__462.0_472.0,3.0,1.0,"Male"
cpb-aacip-41-612ngvcw.h264__1705.0_1715.0,4.0,1.0,"Female"
cpb-aacip-55-6341pnc9.h264__770.0_780.0,1.0,1.0,"Female"
cpb-aacip-398-10wpzm9j.h264__532.0_542.0,3.0,1.0,"Background noise"
cpb-aacip-235-41zcsnt9__513.0_523.0,2.0,1.0,"Female"
cpb-aacip-300-41zcrrqf__296.0_306.0,0.0,1.0,"Male"
cpb-aacip-359-82k6dwkx.h264__364.0_374.0,4.0,1.0,"Female"
cpb-aacip-259-pz51k79t.h264__449.0_459.0,2.0,1.0,"Male"
cpb-aacip-15-35t76tkn__780.0_790.0,4.0,1.0,"Music"
cpb-aacip-300-41zcrrqf__296.0_306.0,1.0,1.0,"Male"
cpb-aacip-77-9673p595.h264__3588.0_3598.0,1.0,1.0,"Music"
cpb-aacip-500-g7374t3m__1598.0_1608.0,4.0,1.0,"Male"
cpb-aacip-15-91fj773h__1748.0_1758.0,2.0,1.0,"Music"
cpb-aacip-43-79v15r75__4421.0_4431.0,2.0,1.0,"Male with background noise"
cpb-aacip-15-784j1d6t__315.0_325.0,3.0,1.0,"Male"
cpb-aacip-500-pz51m86g__675.0_685.0,3.0,1.0,"Male"
cpb-aacip-15-25x69z1p__73.0_83.0,1.0,1.0,"Female"
cpb-aacip-75-84mkm5dx.h264__658.0_668.0,4.0,1.0,"Male with background noise"
cpb-aacip-15-513tt4fv0v__orlando_hour_2_jackie_class_.h264__5.0_15.0,0.0,1.0,"Female with background noise"
cpb-aacip-15-27mpgfdt.h264__2404.0_2414.0,4.0,1.0,"Music"
cpb-aacip-235-42n5v9dk.h264__1332.0_1342.0,0.0,1.0,"Music"
cpb-aacip-77-805x79fv.h264__816.0_826.0,3.0,1.0,"Male"
cpb-aacip-500-s46h5m2t__1236.0_1246.0,0.0,1.0,"Male"
cpb-aacip-500-2j68725q__1939.0_1949.0,1.0,1.0,"Male with background noise"
cpb-aacip-245-30bvqdm9.h264__504.0_514.0,4.0,1.0,"Silence"
cpb-aacip-41-61djhhkv.h264__1135.741_1145.741,1.0,1.0,"Male"
cpb-aacip-500-gb1xj31m__1604.0_1614.0,1.0,1.0,"Male with background noise"
cpb-aacip-15-9k45q4rq2r__barcode334929_2_.h264__813.0_823.0,1.0,1.0,"Male"
cpb-aacip-15-0k26970c5s__20111003CCS___222.0_232.0,1.0,1.0,"Female"
cpb-aacip-81-19f4qtzt.h264__627.0_637.0,2.0,1.0,"Female"
cpb-aacip-500-gb1xj31m__163.0_173.0,2.0,1.0,"Male with background noise"
cpb-aacip-153-84zgn48w.h264__425.0_435.0,3.0,1.0,"Applause"
cpb-aacip-309-68x964fv__1917__22.902_32.902,2.0,1.0,"Male with background noise"
cpb-aacip-15-6d5p843z2k__4231-2008_11_11_.h264__1209.0_1219.0,4.0,1.0,"Male"
cpb-aacip-78-6341pf90__1055.0_1065.0,0.0,1.0,"Male"
cpb-aacip-16-w66930pg5x__focus041213a___1638.0_1648.0,0.0,1.0,"Male"
cpb-aacip-43-214mwkfw__2891.0_2901.0,1.0,1.0,"Male"
cpb-aacip-15-gx44q7qz61__27537-2011_02_15CAP14-RAW_.h264__65.0_75.0,4.0,1.0,"Female"
cpb-aacip-15-55z61fvf__2022.0_2032.0,4.0,1.0,"Female"
cpb-aacip-127-0644j324.h264__1051.0_1061.0,4.0,1.0,"Noise"
cpb-aacip-500-x34mr16g__705.0_715.0,4.0,1.0,"Male"
cpb-aacip-15-b56d21rq0m__barcode50288_.h264__266.0_276.0,2.0,1.0,"Male"
cpb-aacip-43-214mwkfw__2891.0_2901.0,1.0,1.0,"Male"
cpb-aacip-83-042rc21t.h264__585.0_595.0,3.0,1.0,"Male"
cpb-aacip-153-440rz21t.h264__83.0_93.0,0.0,1.0,"Background noise"
cpb-aacip-41-77sn0mqp.h264__3351.0_3361.0,3.0,1.0,"Male"
cpb-aacip-15-086348gh69__barcode111906_CBS132_996OT_.h264__538.0_548.0,0.0,1.0,"Male"
cpb-aacip-43-9995xp4x__1539.0_1549.0,1.0,1.0,"Male"
cpb-aacip-17-81jhbxv2.h264__203.0_213.0,1.0,1.0,"Music"
cpb-aacip-15-4q7qn5zb3z__26284-2010_11_01_.h264__2530.0_2540.0,0.0,1.0,"Male"
cpb-aacip-15-bk16m3398v__barcode54137_.h264__486.0_496.0,0.0,1.0,"Male with background noise"
cpb-aacip-224-2683bpgd__1361.0_1371.0,2.0,1.0,"Male"
cpb-aacip-29-246q5b8z.h264__587.0_597.0,1.0,1.0,"Male"
cpb-aacip-129-15p8d3vw.h264__511.0_521.0,3.0,1.0,"Male"
cpb-aacip-29-82x3fqk7.h264__306.0_316.0,4.0,1.0,"Male"
cpb-aacip-131-16pzgpj6.h264__360.0_370.0,4.0,1.0,"Male"
cpb-aacip-500-wh2dd97d__583.0_593.0,2.0,1.0,"Male"
cpb-aacip-500-4746tw5k__777.0_787.0,1.0,1.0,"Male"
cpb-aacip-15-pn8x922567__20100118CCS___2152.0_2162.0,0.0,1.0,"Male"
cpb-aacip-398-45cc2p11.h264__108.0_118.0,2.0,1.0,"Music"
cpb-aacip-500-vm42ws57__31.0_41.0,4.0,1.0,"Male"
cpb-aacip-77-9673pd82.h264__1282.0_1292.0,4.0,1.0,"Female"
cpb-aacip-15-8279d3mz__880.0_890.0,0.0,1.0,"Music"
cpb-aacip-30-515mmdks__1723.0_1733.0,1.0,1.0,"Music"
cpb-aacip-77-9673pd82.h264__1699.0_1709.0,1.0,1.0,"Music"
cpb-aacip-15-9k45q4rq2r__barcode334929_2_.h264__365.0_375.0,2.0,1.0,"Music"
cpb-aacip-359-82k6dwkx.h264__364.0_374.0,1.0,1.0,"Female"
cpb-aacip-15-988gv1zp__960.0_970.0,2.0,1.0,"Music"
cpb-aacip-500-j09w5093__579.0_589.0,2.0,1.0,"Male"
cpb-aacip-43-37hqcd0r__488.0_498.0,2.0,1.0,"Male"
cpb-aacip-257-720cg60g.h264__1062.0_1072.0,1.0,1.0,"Music"
cpb-aacip-129-15p8d3vw.h264__511.0_521.0,4.0,1.0,"Male"
cpb-aacip-75-21tdzbv9.h264__2107.0_2117.0,0.0,1.0,"Music"
cpb-aacip-27-qv3bz61s41__WYSO_UN_5___448.0_458.0,2.0,1.0,"Female"
cpb-aacip-259-vm42v94x.h264__318.0_328.0,4.0,1.0,"Male"
cpb-aacip-500-pz51m86g__675.0_685.0,4.0,1.0,"Male"
cpb-aacip-43-9995xp4x__1116.0_1126.0,0.0,1.0,"Male"
cpb-aacip-41-95j9kt3z.h264__603.0_613.0,1.0,1.0,"Male"
cpb-aacip-500-qb9v5g21__1252.0_1262.0,4.0,1.0,"Male"
cpb-aacip-153-440rz21t.h264__83.0_93.0,2.0,1.0,"Background noise"
cpb-aacip-500-th8bmm92__1179.0_1189.0,4.0,1.0,"Male"
cpb-aacip-43-7312k28f__1214.0_1224.0,3.0,1.0,"Female"
cpb-aacip-15-2r3nv99b6g__lsps07_vid_prairiedogs_.h264__118.0_128.0,0.0,1.0,"Female"
cpb-aacip-15-9w08w3879z__barcode49556_.h264__137.0_147.0,1.0,1.0,"Male"
cpb-aacip-204-05fbg7vw__199.0_209.0,2.0,1.0,"Music"
cpb-aacip-402-956djt4c__1022.0_1032.0,1.0,1.0,"Female"
cpb-aacip-211-97xkt3cx__3630.0_3640.0,3.0,1.0,"Music"
cpb-aacip-15-dj58c9rq6v__Audio_test_file_DM5___204.0_214.0,0.0,1.0,"Music"
cpb-aacip-55-154dn4022q__cpb-aacip-55-77sn0xmj.mpeg2_.h264__225.0_235.0,2.0,1.0,"Male"
cpb-aacip-15-56zw43d1__381.0_391.0,3.0,1.0,"Music"
cpb-aacip-83-816m9dnq.h264__1125.0_1135.0,1.0,1.0,"Music"
cpb-aacip-500-j09w5093__579.0_589.0,0.0,1.0,"Male"
cpb-aacip-28-nk3610w827__PRA_AAPP_BB0170_How_to_be_sane_though_Negro___1064.0_1074.0,4.0,1.0,"Male"
cpb-aacip-41-61rfjdk8.h264__229.0_239.0,4.0,1.0,"Male"
cpb-aacip-15-913n69dn__175.0_185.0,1.0,1.0,"Male"
cpb-aacip-30-4302w2tf__433.0_443.0,4.0,1.0,"Male"
cpb-aacip-15-83kwhp9r__2280.0_2290.0,1.0,1.0,"Male"
cpb-aacip-394-601zd472.h264__1587.0_1597.0,0.0,1.0,"Female"
cpb-aacip-16-1r6n01005j__focus031119b___2260.0_2270.0,2.0,1.0,"Male"
cpb-aacip-394-79573xgw.h264__984.0_994.0,2.0,1.0,"Male"
cpb-aacip-259-0p0wss0p.h264__1273.0_1283.0,2.0,1.0,"Male"
cpb-aacip-43-752frf1z__2105.0_2115.0,0.0,1.0,"Male"
cpb-aacip-15-jq0sq8qr26__barcode339453_.h264__1442.0_1452.0,1.0,1.0,"Silence"
cpb-aacip-15-96k0pjpm__518.0_528.0,4.0,1.0,"Music"
cpb-aacip-301-52j6q9v3__679.0_689.0,0.0,1.0,"Female"
cpb-aacip-301-70msbkk8__153.0_163.0,0.0,1.0,"Female"
cpb-aacip-43-752frhfj__1902.0_1912.0,3.0,1.0,"Multiple Speakers"
cpb-aacip-15-8279d3mz__1980.0_1990.0,4.0,1.0,"Music"
cpb-aacip-500-2805255w__689.0_699.0,4.0,1.0,"Music"
cpb-aacip-398-2908kvn6.h264__448.0_458.0,3.0,1.0,"Male"
cpb-aacip-259-vm42v94x.h264__1692.0_1702.0,0.0,1.0,"Applause"
cpb-aacip-15-17crjpmm.h264__30.0_40.0,1.0,1.0,"Male"
cpb-aacip-16-n29p26qj4s__focus020314b___2390.0_2400.0,2.0,1.0,"Female"
cpb-aacip-500-m61bq97p__964.0_974.0,4.0,1.0,"Male with background noise"
cpb-aacip-80-27mpgm77__6905.0_6915.0,3.0,1.0,"Male"
cpb-aacip-394-7634tv7h.h264__596.0_606.0,3.0,1.0,"Male"
cpb-aacip-29-82k6dv0r.h264__1433.0_1443.0,3.0,1.0,"Male"
cpb-aacip-225-418kpwn4.h264__202.0_212.0,4.0,1.0,"Male"
cpb-aacip-15-jm23b5wh6f__200201A18A_.h264__71.0_81.0,4.0,1.0,"Female with background noise"
cpb-aacip-151-g44hm53373__fma-2-71341-pres-20130503_.h264__58.0_68.0,0.0,1.0,"Noise"
cpb-aacip-15-9g737346__215470_20120105CCS__3346.0_3356.0,2.0,1.0,"Female"
cpb-aacip-83-73bzkwk3.h264__946.0_956.0,0.0,1.0,"Male"
cpb-aacip-15-7312k17s.h264__791.0_801.0,2.0,1.0,"Not Sure"
cpb-aacip-224-62s4n3ng__32.0_42.0,3.0,1.0,"Female"
cpb-aacip-15-x05x63bd7q__barcode339927_.h264__136.0_146.0,0.0,1.0,"Male"
cpb-aacip-43-870vtm72__405.0_415.0,4.0,1.0,"Male"
cpb-aacip-55-36h195bs.h264__559.0_569.0,3.0,1.0,"Female"
cpb-aacip-15-1937q510__2523.0_2533.0,4.0,1.0,"Male"
cpb-aacip-15-zc7rn30h99__10402-2009_03_11_.h264__2405.0_2415.0,2.0,1.0,"Female"
cpb-aacip-309-25x69rqf__Worry__36.0_46.0,3.0,1.0,"Female"
cpb-aacip-43-37hqcd0r__1506.0_1516.0,3.0,1.0,"Male"
cpb-aacip-500-8w384b85__1506.0_1516.0,4.0,1.0,"Male"
cpb-aacip-22-085hqctq.h264__31.0_41.0,2.0,1.0,"Male with background noise"
cpb-aacip-22-84mkm55z.h264__562.0_572.0,2.0,1.0,"Female with background noise"
cpb-aacip-235-42n5v9dk.h264__730.0_740.0,4.0,1.0,"Male"
cpb-aacip-15-sj19k4665n__barcode339630_.h264__672.0_682.0,3.0,1.0,"Applause"
cpb-aacip-15-vx05x25t2x__pdes06_vid_walkingsolar_.h264__30.932_40.932,2.0,1.0,"Male"
cpb-aacip-309-55z617q0__Butterfly__14.0_24.0,3.0,1.0,"Female"
cpb-aacip-37-09w0vvc5.h264__952.0_962.0,0.0,1.0,"Music"
cpb-aacip-129-80ht7k6c.h264__1145.0_1155.0,3.0,1.0,"Multiple Speakers"
cpb-aacip-78-18rbpj8n.h264__400.0_410.0,0.0,1.0,"Music"
cpb-aacip-41-61djhhkv.h264__1135.741_1145.741,3.0,1.0,"Male"
cpb-aacip-15-848pkg93__1295.0_1305.0,0.0,1.0,"Male"
cpb-aacip-345-18dfn4rv__244.0_254.0,2.0,1.0,"Male"
cpb-aacip-394-7634tv7h.h264__898.0_908.0,4.0,1.0,"Male"
cpb-aacip-77-16pzhnck.h264__139.0_149.0,4.0,1.0,"Male"
cpb-aacip-384-70msbm83.h264__67.0_77.0,1.0,1.0,"Male"
cpb-aacip-41-70zpcwqg.h264__59.0_69.0,1.0,1.0,"Female"
cpb-aacip-16-0k2697059c__focus050301a___1271.0_1281.0,0.0,1.0,"Male"
cpb-aacip-15-086348gh69__barcode111906_CBS132_996OT_.h264__286.0_296.0,3.0,1.0,"Silence"
cpb-aacip-17-07gqpb0j.h264__482.0_492.0,2.0,1.0,"Female"
cpb-aacip_505-z31ng4hm11_DV_1_38.aiff__2.0_12.0,4.0,1.0,"Music"
cpb-aacip-16-n29p26qj4s__focus020314b___1351.0_1361.0,1.0,1.0,"Female"
cpb-aacip-41-58bg7gx0.h264__830.0_840.0,2.0,1.0,"Male"
cpb-aacip_505-z31ng4hm11_DV_1_38.aiff__104.0_114.0,0.0,1.0,"Music"
cpb-aacip-35-06g1jzc4.h264__2319.0_2329.0,1.0,1.0,"Female with background noise"
cpb-aacip-500-x34mr16g__86.0_96.0,1.0,1.0,"Male"
cpb-aacip-259-542j9q27.h264__90.0_100.0,1.0,1.0,"Noise"
cpb-aacip-60-25x69sg6.h264__174.0_184.0,3.0,1.0,"Male with background noise"
cpb-aacip-80-612nh4w6__6546.0_6556.0,2.0,1.0,"Male"
cpb-aacip-17-547pwj20.h264__763.0_773.0,0.0,1.0,"Female"
cpb-aacip-80-21ghxqvf__4789.0_4799.0,4.0,1.0,"Male"
cpb-aacip-345-18dfn4rv__1577.0_1587.0,4.0,1.0,"Female"
cpb-aacip-500-2805255w__689.0_699.0,2.0,1.0,"Music"
cpb-aacip-15-tm71v5bv4t__barcode106242_.h264__178.0_188.0,2.0,1.0,"Male"
cpb-aacip-259-0r9m5j81.h264__611.0_621.0,3.0,1.0,"Male"
cpb-aacip-138-214mw8p0__543.0_553.0,2.0,1.0,"Music"
cpb-aacip-259-028pfc9d.h264__2015.0_2025.0,0.0,1.0,"Male"
cpb-aacip-500-kw57jd2k__1528.0_1538.0,4.0,1.0,"Male"
cpb-aacip-500-901zhm9r__1637.0_1647.0,0.0,1.0,"Music"
cpb-aacip-384-171vhm8d.h264__550.0_560.0,2.0,1.0,"Male"
cpb-aacip-41-72b8h9tz.h264__951.0_961.0,2.0,1.0,"Female"
cpb-aacip-398-10wpzm9j.h264__532.0_542.0,0.0,1.0,"Background noise"
cpb-aacip-29-82k6dv0r.h264__775.0_785.0,2.0,1.0,"Music"
cpb-aacip-15-5370s8vp.h264__1721.0_1731.0,2.0,1.0,"Female"
cpb-aacip-387-5269pfc2.h264__593.0_603.0,1.0,1.0,"Male"
cpb-aacip-75-30bvqdz6.h264__1476.0_1486.0,0.0,1.0,"Music"
cpb-aacip-15-g44hm52s8p__barcode49028_clip2_.h264__153.0_163.0,0.0,1.0,"Male with background noise"
cpb-aacip-15-b56d21rq0m__barcode50288_.h264__266.0_276.0,2.0,1.0,"Male"
cpb-aacip-15-913n69dn__1655.0_1665.0,3.0,1.0,"Music"
cpb-aacip-78-72p5jggr.h264__3244.0_3254.0,4.0,1.0,"Male"
cpb-aacip-15-9995xpjw__1698.0_1708.0,4.0,1.0,"Male"
cpb-aacip-15-4q7qn5zb3z__26284-2010_11_01_.h264__332.0_342.0,1.0,1.0,"Male"
cpb-aacip-15-zc7rn30h99__10402-2009_03_11_.h264__407.0_417.0,2.0,1.0,"Female"
cpb-aacip-235-41zcsnt9__513.0_523.0,0.0,1.0,"Male"
cpb-aacip-15-52w3rdn8__9.0_19.0,2.0,1.0,"Male"
cpb-aacip-15-416sx64p20__MS20070814___183.0_193.0,0.0,1.0,"Male with background noise"
cpb-aacip-500-cr5ndp7x__688.0_698.0,0.0,1.0,"Male"
cpb-aacip-309-55m90bpp__MJ_Torrance_03-19-02__99.0_109.0,0.0,1.0,"Female with background noise"
cpb-aacip-15-7312k17s.h264__2868.0_2878.0,1.0,1.0,"Music"
cpb-aacip-500-5d8nhd0h__1282.0_1292.0,2.0,1.0,"Male"
cpb-aacip-50-182jm94g__192.0_202.0,3.0,1.0,"Music"
cpb-aacip-129-sb3ws8hx30__4NCP2728YY_.h264__783.0_793.0,1.0,1.0,"Male"
cpb-aacip-46-19f4qtzc.h264__956.0_966.0,2.0,1.0,"Music"
cpb-aacip-75-000000s7.h264__1092.0_1102.0,2.0,1.0,"Music"
cpb-aacip-15-jm23b5wh6f__200201A18A_.h264__120.0_130.0,3.0,1.0,"Male with background noise"
cpb-aacip-29-77fqzhcd.h264__766.0_776.0,1.0,1.0,"Music"
cpb-aacip-55-36h195bs.h264__587.0_597.0,2.0,1.0,"Male"
cpb-aacip-15-96k0pjpm__1682.0_1692.0,0.0,1.0,"Music"
cpb-aacip-15-10jsxtdn__952.0_962.0,1.0,1.0,"Female"
cpb-aacip-259-vm42v94x.h264__1692.0_1702.0,3.0,1.0,"Applause"
cpb-aacip-41-38w9gvxg.h264__110.0_120.0,2.0,1.0,"Music"
cpb-aacip-223-000008wx__27.0_37.0,3.0,1.0,"Male"
cpb-aacip-15-06sxm1c4__5469.0_5479.0,0.0,1.0,"Music"
cpb-aacip-15-bn9x05xv3p__20110114CCS___3228.0_3238.0,3.0,1.0,"Female"
cpb-aacip-16-7h1dj58s9w__focus041215a___122.0_132.0,2.0,1.0,"Male"
cpb-aacip-35-06g1jzc4.h264__2355.0_2365.0,0.0,1.0,"Female with background noise"
cpb-aacip-15-91sf83tr__39.0_49.0,1.0,1.0,"Male"
cpb-aacip-259-6d5pcf3m.h264__86.0_96.0,1.0,1.0,"Male"
cpb-aacip-27-qv3bz61s41__WYSO_UN_5___448.0_458.0,3.0,1.0,"Female"
cpb-aacip-15-65h9wf90__340.0_350.0,0.0,1.0,"Male"
cpb-aacip-24-qn5z60cb6q__2423.0_2433.0,4.0,1.0,"Music"
cpb-aacip-394-601zd472.h264__1587.0_1597.0,0.0,1.0,"Female"
cpb-aacip-127-02q576c6.h264__705.0_715.0,4.0,1.0,"Female with background noise"
cpb-aacip-43-752frf1z__2105.0_2115.0,1.0,1.0,"Male"
cpb-aacip-29-246q5b8z.h264__587.0_597.0,0.0,1.0,"Male"
cpb-aacip-15-s46h12vh7p__barcode88186_.h264__758.0_768.0,4.0,1.0,"Male"
cpb-aacip-245-30bvqdm9.h264__504.0_514.0,2.0,1.0,"Silence"
cpb-aacip-83-36547pqh.h264__2059.0_2069.0,3.0,1.0,"Male"
cpb-aacip-293-445h98zm0x__hut00000082002_.h264__34.0_44.0,4.0,1.0,"Male"
cpb-aacip-153-440rz21t.h264__83.0_93.0,2.0,1.0,"Background noise"
cpb-aacip-129-2908kwdm.h264__835.0_845.0,0.0,1.0,"Male"
cpb-aacip-15-5717m0445f__lsps07_vid_polarbear_.h264__89.0_99.0,2.0,1.0,"Female"
cpb-aacip-15-w08w951060__barcode49714_.h264__1061.0_1071.0,1.0,1.0,"Male"
cpb-aacip-22-085hqctq.h264__31.0_41.0,1.0,1.0,"Male with background noise"
cpb-aacip-153-55m90bxc.h264__1533.0_1543.0,2.0,1.0,"Male"
cpb-aacip-15-42n5tnm7__3101.0_3111.0,4.0,1.0,"Male"
cpb-aacip-296-94vhhx2j.h264__2842.0_2852.0,1.0,1.0,"Male"
cpb-aacip-301-52j6q9v3__679.0_689.0,3.0,1.0,"Female"
cpb-aacip-15-720cgc60__2455.0_2465.0,1.0,1.0,"Male"
cpb-aacip-15-sj19k4665n__barcode339630_.h264__917.0_927.0,2.0,1.0,"Applause"
cpb-aacip-29-515mks96.h264__1322.0_1332.0,4.0,1.0,"Female with background noise"
cpb-aacip-15-28nck39v__679.0_689.0,1.0,1.0,"Female"
cpb-aacip-500-5m628z0g__1045.0_1055.0,1.0,1.0,"Female"
cpb-aacip-153-84zgn48w.h264__425.0_435.0,3.0,1.0,"Applause"
cpb-aacip-43-214mwkfw__2190.0_2200.0,1.0,1.0,"Male"
cpb-aacip-15-sj19k4665n__barcode339630_.h264__672.0_682.0,1.0,1.0,"Applause"
cpb-aacip-43-752frhfj__1902.0_1912.0,4.0,1.0,"Male"
cpb-aacip-15-5717m0445f__lsps07_vid_polarbear_.h264__105.0_115.0,0.0,1.0,"Male"
cpb-aacip-187-0644j4dj__14.0_24.0,2.0,1.0,"Music"
cpb-aacip-43-752frhfj__1636.0_1646.0,4.0,1.0,"Male"
cpb-aacip-500-0p0wtn40__1105.0_1115.0,0.0,1.0,"Male"
cpb-aacip-60-504xh3pf.h264__1073.0_1083.0,1.0,1.0,"Male"
cpb-aacip-86-752fr614.h264__5.0_15.0,4.0,1.0,"Background noise"
cpb-aacip-15-g73707wx68__barcode18828_.h264__736.0_746.0,4.0,1.0,"Background noise"
cpb-aacip-22-085hqctq.h264__175.0_185.0,4.0,1.0,"Male"
cpb-aacip-16-qz22b8vz2w__focus040910b___2630.0_2640.0,2.0,1.0,"Male"
cpb-aacip-77-34fn41b2.h264__1004.0_1014.0,4.0,1.0,"Male"
cpb-aacip-384-19f4qvfw.h264__839.0_849.0,3.0,1.0,"Music"
cpb-aacip-394-7634tv7h.h264__596.0_606.0,2.0,1.0,"Male"
cpb-aacip-225-418kpwn4.h264__1941.0_1951.0,4.0,1.0,"Male"
cpb-aacip-16-7h1dj58s9w__focus041215a___2259.0_2269.0,2.0,1.0,"Male"
cpb-aacip-15-70zpcpnp__1150.0_1160.0,3.0,1.0,"Male"
cpb-aacip-500-2805255w__542.0_552.0,3.0,1.0,"Male"
cpb-aacip-60-25x69sg6.h264__1705.0_1715.0,2.0,1.0,"Male"
cpb-aacip-50-182jm94g__192.0_202.0,3.0,1.0,"Music"
cpb-aacip-500-zp3vzk8c__138.0_148.0,1.0,1.0,"Male"
cpb-aacip-15-51vdnrr7__453.0_463.0,2.0,1.0,"Male"
cpb-aacip-301-52j6q9v3__485.0_495.0,2.0,1.0,"Male"
cpb-aacip-17-81jhbxv2.h264__391.0_401.0,3.0,1.0,"Music"
cpb-aacip-80-7312kdpj__6135.0_6145.0,0.0,1.0,"Female"
cpb-aacip-50-182jm94g__192.0_202.0,1.0,1.0,"Music"
cpb-aacip-78-6341pf90__1055.0_1065.0,0.0,1.0,"Male"
cpb-aacip-153-84zgn48w.h264__109.0_119.0,2.0,1.0,"Male"
cpb-aacip-35-06g1jzc4.h264__2355.0_2365.0,4.0,1.0,"Female with background noise"
cpb-aacip-27-x34mk65t6w__WYSO_PA_641-10___4243.0_4253.0,3.0,1.0,"Male"
cpb-aacip-153-38jdfsp3__333.315_343.315,0.0,1.0,"Male"
cpb-aacip-15-1937q510__2523.0_2533.0,2.0,1.0,"Male"
cpb-aacip-15-9rf5kf6x__231818___1887.0_1897.0,0.0,1.0,"Female"
cpb-aacip-153-38jdfsp3__705.0_715.0,3.0,1.0,"Music"
cpb-aacip-15-25x69z1p__73.0_83.0,2.0,1.0,"Female"
cpb-aacip-15-rx9377679s__barcode301204-1_.h264__351.0_361.0,4.0,1.0,"Male with background noise"
cpb-aacip-41-95j9kt3z.h264__74.0_84.0,2.0,1.0,"Female"
cpb-aacip-15-154dn3zw5t__200202A37B_.h264__147.0_157.0,3.0,1.0,"Background noise"
cpb-aacip-29-580k6n0t.h264__258.0_268.0,1.0,1.0,"Male"
cpb-aacip-15-25x69xqt__1960.0_1970.0,3.0,1.0,"Male"
cpb-aacip-129-b27pn8xk6z__4NCP2309YY_.h264__123.0_133.0,4.0,1.0,"Male"
cpb-aacip-500-vm42ws57__1734.0_1744.0,0.0,1.0,"Male with background noise"
cpb-aacip-120-8380gnwf.h264__515.0_525.0,2.0,1.0,"Male"
cpb-aacip-80-27mpgm77__2493.0_2503.0,2.0,1.0,"Male"
cpb-aacip-500-5d8nhd0h__158.0_168.0,2.0,1.0,"Male with background noise"
cpb-aacip-15-ks6j09wc05__ABC61977_.h264__120.0_130.0,3.0,1.0,"Background noise"
cpb-aacip-15-5370s8vp.h264__1721.0_1731.0,4.0,1.0,"Female"
cpb-aacip-27-qv3bz61s41__WYSO_UN_5___977.0_987.0,4.0,1.0,"Female"
cpb-aacip-41-54xgxk5h.h264__2363.0_2373.0,2.0,1.0,"Male"
cpb-aacip-55-ks6j09wj3g__cpb-aacip-55-25x6bfzm.mpeg2_.h264__2223.0_2233.0,1.0,1.0,"Male with background noise"
cpb-aacip-46-19f4qtzc.h264__843.0_853.0,1.0,1.0,"Male"
cpb-aacip-187-41zcrsbv__49.0_59.0,0.0,1.0,"Male"
cpb-aacip-15-687h4jpj__891.0_901.0,2.0,1.0,"Male"
cpb-aacip-129-2908kwdm.h264__876.0_886.0,2.0,1.0,"Male"
cpb-aacip-138-805x6nk1.h264__180.0_190.0,3.0,1.0,"Silence"
cpb-aacip-17-06g1kpz9.h264__224.0_234.0,3.0,1.0,"Male"
cpb-aacip-83-816m9dnq.h264__1125.0_1135.0,0.0,1.0,"Music"
cpb-aacip-500-hh6c6k46__1012.0_1022.0,4.0,1.0,"Male"
cpb-aacip-15-09w0w2pb__2582.0_2592.0,4.0,1.0,"Male"
cpb-aacip-293-56zw3xfx.h264__81.0_91.0,4.0,1.0,"Male"
cpb-aacip-16-jq0sq8qx0z__focus050127b___333.0_343.0,1.0,1.0,"Male"
cpb-aacip-153-440rz21t.h264__3211.0_3221.0,2.0,1.0,"Male"
cpb-aacip-15-9882j68b28__23968-2010_03_17_.h264__3388.0_3398.0,3.0,1.0,"Female"
cpb-aacip-384-171vhm8d.h264__239.0_249.0,4.0,1.0,"Male"
cpb-aacip-120-1937q0sv.h264__1463.0_1473.0,0.0,1.0,"Female"
cpb-aacip-500-3j393x2b__598.0_608.0,1.0,1.0,"Male"
cpb-aacip-17-48sbdbc4.h264__1244.0_1254.0,3.0,1.0,"Male"
cpb-aacip-500-pz51m86g__1215.0_1225.0,3.0,1.0,"Male"
cpb-aacip-75-52w3rbgs.h264__591.0_601.0,2.0,1.0,"Male"
cpb-aacip-15-416sx64p20__MS20070814___12.0_22.0,1.0,1.0,"Music"
cpb-aacip-293-445h98zm0x__hut00000082002_.h264__34.0_44.0,3.0,1.0,"Male"
cpb-aacip-77-7634vstt.h264__1673.0_1683.0,0.0,1.0,"Music"
cpb-aacip-15-720cgc60__1611.0_1621.0,2.0,1.0,"Male"
cpb-aacip-15-jq0sq8qr26__barcode339453_.h264__1442.0_1452.0,2.0,1.0,"Silence"
cpb-aacip-151-bz6154f72d__fma-2-62574-int-20120628_.h264__578.0_588.0,1.0,1.0,"Background noise"
cpb-aacip-41-38w9gvxg.h264__110.0_120.0,2.0,1.0,"Music"
cpb-aacip-500-2805255w__542.0_552.0,4.0,1.0,"Male"
cpb-aacip-24-8s4jm23m4x__1407.0_1417.0,1.0,1.0,"Music"
cpb-aacip-15-gx44q7qx6r__22128-2009_10_24CamB-RAW_.h264__3095.0_3105.0,3.0,1.0,"Male"
cpb-aacip-394-601zd472.h264__1587.0_1597.0,1.0,1.0,"Female"
cpb-aacip-221-1615f186.h264__937.0_947.0,1.0,1.0,"Male"
cpb-aacip-15-02c86ftp__1712.0_1722.0,2.0,1.0,"Male"
cpb-aacip-259-542j9q27.h264__90.0_100.0,4.0,1.0,"Noise"
cpb-aacip-138-214mw8p0__543.0_553.0,3.0,1.0,"Music"
cpb-aacip-41-38w9gvxg.h264__2494.0_2504.0,3.0,1.0,"Music"
cpb-aacip-309-085hqd0h__Hamburger__29.0_39.0,4.0,1.0,"Female"
cpb-aacip-500-wh2dd97d__1256.0_1266.0,1.0,1.0,"Male"
cpb-aacip-259-xk84nj3s.h264__1273.0_1283.0,4.0,1.0,"Music"
cpb-aacip-55-97xktjsp.h264__502.0_512.0,3.0,1.0,"Male"
cpb-aacip-15-xs5j960p6d__barcode49733_clip2_.h264__167.0_177.0,1.0,1.0,"Male"
cpb-aacip-24-mk6542jn1m__2338.0_2348.0,0.0,1.0,"Music"
cpb-aacip-151-g44hm53373__fma-2-71341-pres-20130503_.h264__168.0_178.0,2.0,1.0,"Male with background noise"
cpb-aacip-41-95j9kt3z.h264__603.0_613.0,0.0,1.0,"Male"
cpb-aacip-500-3j393w24__1056.0_1066.0,1.0,1.0,"Music"
cpb-aacip-15-91fj773h__1748.0_1758.0,4.0,1.0,"Music"
cpb-aacip-384-19f4qvfw.h264__295.0_305.0,4.0,1.0,"Male"
cpb-aacip-15-09w0w2pb__466.0_476.0,4.0,1.0,"Male"
cpb-aacip-80-612nh4w6__6546.0_6556.0,4.0,1.0,"Male"
cpb-aacip-394-14nk9bcg.h264__386.0_396.0,3.0,1.0,"Male with background noise"
cpb-aacip-15-k06ww7741t__barcode48503_.h264__552.0_562.0,1.0,1.0,"Male"
cpb-aacip-129-021c5drw.h264__1414.0_1424.0,4.0,1.0,"Female"
cpb-aacip-15-30prrfm2__1978.0_1988.0,0.0,1.0,"Male"
cpb-aacip-30-741rp7kd__2076.0_2086.0,0.0,1.0,"Male"
cpb-aacip-500-kh0f0819__1564.0_1574.0,2.0,1.0,"Male"
cpb-aacip-41-61djhhkv.h264__1135.741_1145.741,4.0,1.0,"Male"
cpb-aacip-15-k06ww7741t__barcode48503_.h264__552.0_562.0,4.0,1.0,"Male"
cpb-aacip-15-25x69xqt__1960.0_1970.0,1.0,1.0,"Male"
cpb-aacip-259-cv4brv0v.h264__266.0_276.0,0.0,1.0,"Male with background noise"
cpb-aacip-80-87pnwn4p__5136.0_5146.0,2.0,1.0,"Male"
cpb-aacip-15-1937q510__759.0_769.0,4.0,1.0,"Male"
cpb-aacip-80-13mw791t__5820.0_5830.0,1.0,1.0,"Male"
cpb-aacip-15-09w0w2pb__466.0_476.0,2.0,1.0,"Male"
cpb-aacip-80-46qz6s2w__667.0_677.0,1.0,1.0,"Male"
cpb-aacip-86-504xh2s3.h264__1699.0_1709.0,0.0,1.0,"Male"
cpb-aacip-16-wp9t14v723__focus010228a___2894.919_2904.919,2.0,1.0,"Male"
cpb-aacip-29-77fqzhcd.h264__766.0_776.0,1.0,1.0,"Music"
cpb-aacip-500-7p8tfx5s__781.0_791.0,1.0,1.0,"Music"
cpb-aacip-398-54xgxmn8.h264__482.0_492.0,3.0,1.0,"Male with background noise"
cpb-aacip-259-vm42v94x.h264__318.0_328.0,4.0,1.0,"Male"
cpb-aacip-15-88qc02c1__1494.0_1504.0,3.0,1.0,"Male"
cpb-aacip-37-924b8s1v.h264__3007.0_3017.0,2.0,1.0,"Female"
cpb-aacip-43-81wdcb6p__2454.0_2464.0,2.0,1.0,"Multiple Speakers"
cpb-aacip-225-93gxdb91.h264__1961.326_1971.326,3.0,1.0,"Multiple Speakers"
cpb-aacip-15-pn8x922567__20100118CCS___2152.0_2162.0,2.0,1.0,"Male"
cpb-aacip-77-9673pd82.h264__1699.0_1709.0,4.0,1.0,"Female with background noise"
cpb-aacip-15-945qgbnx__5229.0_5239.0,3.0,1.0,"Multiple Speakers"
cpb-aacip-500-3r0pwj3w__1270.0_1280.0,1.0,1.0,"Male"
cpb-aacip-15-154dn3zw5t__200202A37B_.h264__147.0_157.0,3.0,1.0,"Background noise"
cpb-aacip-15-9995xpjw__1270.0_1280.0,0.0,1.0,"Male"
cpb-aacip-15-25x69xqt__127.0_137.0,1.0,1.0,"Male"
cpb-aacip-41-81jhb4vn.h264__1266.0_1276.0,2.0,1.0,"Male"
cpb-aacip-86-752fr614.h264__5.0_15.0,0.0,1.0,"Background noise"
cpb-aacip-500-4q7qs98z__35.0_45.0,1.0,1.0,"Male"
cpb-aacip-187-0644j4dj__14.0_24.0,0.0,1.0,"Music"
cpb-aacip-120-03cz8zz5.h264__823.0_833.0,3.0,1.0,"Male"
cpb-aacip-206-95w6mkg4__312.0_322.0,1.0,1.0,"Female"
cpb-aacip-41-55z617z2.h264__1272.0_1282.0,4.0,1.0,"Background noise"
cpb-aacip-309-55m90bpp__MJ_Torrance_03-19-02__99.0_109.0,3.0,1.0,"Music"
cpb-aacip-15-26xwdm9r.h264__1249.0_1259.0,0.0,1.0,"Background noise"
cpb-aacip-15-5370s8vp.h264__140.0_150.0,2.0,1.0,"Female"
cpb-aacip-16-sn00z71h87__focus030630b___1155.0_1165.0,3.0,1.0,"Multiple Speakers"
cpb-aacip-15-833mw28h5s__10372-2009_02_11_.h264__1708.0_1718.0,2.0,1.0,"Male"
cpb-aacip-293-445h98zm0x__hut00000082002_.h264__70.0_80.0,4.0,1.0,"Male"
cpb-aacip-15-25x69z1p__73.0_83.0,1.0,1.0,"Female"
cpb-aacip-15-41zcrw36__2710.0_2720.0,3.0,1.0,"Male"
cpb-aacip-398-55z619h9.h264__918.0_928.0,0.0,1.0,"Background noise"
cpb-aacip-41-913n6h4j.h264__888.0_898.0,1.0,1.0,"Male"
cpb-aacip-394-7634tv7h.h264__898.0_908.0,3.0,1.0,"Male"
cpb-aacip-24-qn5z60cb6q__2076.0_2086.0,1.0,1.0,"Music"
cpb-aacip-500-cr5ndp7x__291.0_301.0,0.0,1.0,"Male"
cpb-aacip-111-68x96632.h264__526.0_536.0,0.0,1.0,"Music"
cpb-aacip-500-g7374t3m__1598.0_1608.0,2.0,1.0,"Male"
cpb-aacip-245-34sj40m4.h264__120.0_130.0,2.0,1.0,"Male"
cpb-aacip-15-2r3nv99b6g__lsps07_vid_prairiedogs_.h264__118.0_128.0,0.0,1.0,"Female"
cpb-aacip-15-cr5n87334n__nasa09_vid_saldeep_.h264__78.0_88.0,4.0,1.0,"Male"
cpb-aacip-500-bz619c69__731.0_741.0,1.0,1.0,"Male"
cpb-aacip-500-t43j2h02__1174.0_1184.0,2.0,1.0,"Male"
cpb-aacip-43-354f55kc__2770.0_2780.0,3.0,1.0,"Male"
cpb-aacip-15-15p8d7xj__457.0_467.0,0.0,1.0,"Female"
cpb-aacip-75-000000s7.h264__1152.0_1162.0,1.0,1.0,"Music"
cpb-aacip-500-j09w5093__1097.0_1107.0,3.0,1.0,"Male"
cpb-aacip-16-09j3v3j8.h264__310.0_320.0,1.0,1.0,"Silence"
cpb-aacip-41-106wwrb2.h264__795.0_805.0,0.0,1.0,"Male"
cpb-aacip-15-n00zp3w507__19433-2009_04_30_.h264__3057.0_3067.0,3.0,1.0,"Female"
cpb-aacip-15-83kwhp9r__472.0_482.0,4.0,1.0,"Male"
cpb-aacip-77-311nt3wn.h264__916.0_926.0,1.0,1.0,"Male"
cpb-aacip-41-2908kz25.h264__168.0_178.0,0.0,1.0,"Female"
cpb-aacip-500-3j393w24__1411.0_1421.0,3.0,1.0,"Music"
cpb-aacip-15-06sxm1c4__5469.0_5479.0,3.0,1.0,"Music"
cpb-aacip-55-9995z804.h264__695.0_705.0,4.0,1.0,"Female"
cpb-aacip-309-085hqd0h__Hamburger__29.0_39.0,1.0,1.0,"Female"
cpb-aacip-398-2908kvn6.h264__1441.0_1451.0,3.0,1.0,"Male"
cpb-aacip-500-k9316q40__1508.0_1518.0,3.0,1.0,"Male"
cpb-aacip-78-4947dvhp__62.0_72.0,2.0,1.0,"Male"
cpb-aacip-30-78tb3s0b__224.0_234.0,0.0,1.0,"Male"
cpb-aacip-402-956djt4c__1022.0_1032.0,3.0,1.0,"Female"
cpb-aacip-15-3r0pr7mv3s__26700_2010_11_17_.h264__215.0_225.0,0.0,1.0,"Male"
cpb-aacip-24-qn5z60cb6q__2076.0_2086.0,3.0,1.0,"Music"
cpb-aacip-75-000000s7.h264__1152.0_1162.0,1.0,1.0,"Music"
cpb-aacip-75-3331znrm.h264__1557.0_1567.0,3.0,1.0,"Male"
cpb-aacip-60-03cz8wz8.h264__75.0_85.0,0.0,1.0,"Male with background noise"
cpb-aacip-55-154dn4022q__cpb-aacip-55-77sn0xmj.mpeg2_.h264__673.0_683.0,2.0,1.0,"Male"
cpb-aacip-15-02q57bk8__1456.0_1466.0,2.0,1.0,"Music"
cpb-aacip-15-zc7rn30h99__10402-2009_03_11_.h264__407.0_417.0,0.0,1.0,"Female"
cpb-aacip-15-687h4jpj__1107.0_1117.0,4.0,1.0,"Male"
cpb-aacip-17-92g7bd5n.h264__885.0_895.0,3.0,1.0,"Male"
cpb-aacip-15-601zd4tk__925.0_935.0,3.0,1.0,"Male"
cpb-aacip-111-68x96632.h264__1295.0_1305.0,4.0,1.0,"Male"
cpb-aacip-129-sb3ws8hx30__4NCP2728YY_.h264__783.0_793.0,0.0,1.0,"Male"
cpb-aacip-224-2683bpgd__882.0_892.0,1.0,1.0,"Male"
cpb-aacip-83-816m9dnq.h264__359.0_369.0,3.0,1.0,"Male"
cpb-aacip-55-ks6j09wj3g__cpb-aacip-55-25x6bfzm.mpeg2_.h264__2523.0_2533.0,1.0,1.0,"Male"
cpb-aacip-17-06g1kpz9.h264__839.0_849.0,3.0,1.0,"Male"
cpb-aacip-30-78tb3s0b__224.0_234.0,2.0,1.0,"Male"
cpb-aacip-55-ks6j09wj3g__cpb-aacip-55-25x6bfzm.mpeg2_.h264__2223.0_2233.0,4.0,1.0,"Male with background noise"
cpb-aacip-30-4302w2tf__58.0_68.0,0.0,1.0,"Not Sure"
cpb-aacip-120-03cz8zz5.h264__559.0_569.0,3.0,1.0,"Male with background noise"
cpb-aacip-500-c24qpn7w__1002.0_1012.0,1.0,1.0,"Background noise"
cpb-aacip-41-94hmh46w.h264__1572.0_1582.0,1.0,1.0,"Female"
cpb-aacip-151-445h98zs8s__fma_2_752_5_2_pres_20090424__550.0_560.0,0.0,1.0,"Female"
cpb-aacip-75-81wdc572.h264__2747.0_2757.0,4.0,1.0,"Female with background noise"
cpb-aacip-15-3r0pr7mv3s__26700_2010_11_17_.h264__215.0_225.0,2.0,1.0,"Male"
cpb-aacip-28-nk3610w827__PRA_AAPP_BB0170_How_to_be_sane_though_Negro___1064.0_1074.0,1.0,1.0,"Male"
cpb-aacip-24-qn5z60cb6q__2076.0_2086.0,2.0,1.0,"Music"
cpb-aacip-500-4746tw5k__427.0_437.0,0.0,1.0,"Male"
cpb-aacip-43-kd1qf8jw8t__10373105___59.0_69.0,1.0,1.0,"Male"
cpb-aacip-259-833mzm51.h264__1723.0_1733.0,2.0,1.0,"Background noise"
cpb-aacip-41-94hmh46w.h264__94.0_104.0,0.0,1.0,"Male"
cpb-aacip-16-wp9t14v723__focus010228a___2894.919_2904.919,0.0,1.0,"Male"
cpb-aacip-500-qb9v5g21__1252.0_1262.0,1.0,1.0,"Male"
cpb-aacip-187-41zcrsbv__49.0_59.0,1.0,1.0,"Male with background noise"
cpb-aacip-500-kh0f0819__1454.0_1464.0,1.0,1.0,"Male"
cpb-aacip-15-9c6rx93g89__barcode9469_.h264__568.0_578.0,0.0,1.0,"Male"
cpb-aacip-24-028pc2t83z__2652.0_2662.0,3.0,1.0,"Music"
cpb-aacip-15-9882j68b28__23968-2010_03_17_.h264__462.0_472.0,2.0,1.0,"Male"
cpb-aacip-55-6341pnc9.h264__37.0_47.0,0.0,1.0,"Male with background noise"
cpb-aacip-500-qn5zb850__825.0_835.0,4.0,1.0,"Male"
cpb-aacip-15-612ngt37__5294.0_5304.0,3.0,1.0,"Silence"
cpb-aacip-41-38w9gvxg.h264__2494.0_2504.0,1.0,1.0,"Music"
cpb-aacip-41-26xwdnz0.h264__984.0_994.0,2.0,1.0,"Female"
cpb-aacip-500-3j393w24__1411.0_1421.0,4.0,1.0,"Music"
cpb-aacip-77-34fn41b2.h264__1004.0_1014.0,4.0,1.0,"Male"
cpb-aacip-15-s46h12vh7p__barcode88186_.h264__844.0_854.0,4.0,1.0,"Female"
cpb-aacip-17-06g1kpz9.h264__839.0_849.0,2.0,1.0,"Multiple Speakers"
cpb-aacip-15-9mg7fv33__238409_20130604tw__3000.0_3010.0,2.0,1.0,"Male"
cpb-aacip-30-741rp7kd__634.0_644.0,1.0,1.0,"Male with background noise"
cpb-aacip-75-52w3rbgs.h264__56.0_66.0,3.0,1.0,"Male"
cpb-aacip-15-gx44q7qz61__27537-2011_02_15CAP14-RAW_.h264__28.0_38.0,1.0,1.0,"Female"
cpb-aacip-500-pz51m86g__1215.0_1225.0,2.0,1.0,"Male"
cpb-aacip-15-dj58c9rq6v__Audio_test_file_DM5___96.0_106.0,4.0,1.0,"Music"
cpb-aacip-500-zp3vzk8c__250.0_260.0,1.0,1.0,"Male"
cpb-aacip-301-52j6q9v3__679.0_689.0,0.0,1.0,"Female"
cpb-aacip-15-9g44hq5c__104125_.h264__52.0_62.0,0.0,1.0,"Female with background noise"
cpb-aacip-15-vx05x25t2x__pdes06_vid_walkingsolar_.h264__30.932_40.932,0.0,1.0,"Male"
cpb-aacip-15-jq0sq8qr26__barcode339453_.h264__1442.0_1452.0,3.0,1.0,"Silence"
cpb-aacip-15-vx05x25t2x__pdes06_vid_walkingsolar_.h264__30.932_40.932,0.0,1.0,"Male"
cpb-aacip-41-72b8h9tz.h264__951.0_961.0,3.0,1.0,"Female"
cpb-aacip-500-hq3s037r__201.0_211.0,1.0,1.0,"Male with background noise"
cpb-aacip-129-15p8d3vw.h264__511.0_521.0,4.0,1.0,"Male"
cpb-aacip-43-zk55d8p20f__10377228___476.0_486.0,0.0,1.0,"Male with background noise"
cpb-aacip-50-343r261g__1703.0_1713.0,4.0,1.0,"Male"
cpb-aacip-500-3r0pwj3w__1270.0_1280.0,0.0,1.0,"Male"
cpb-aacip-17-07gqpb0j.h264__482.0_492.0,2.0,1.0,"Female"
cpb-aacip-500-hq3s037r__201.0_211.0,1.0,1.0,"Male"
cpb-aacip-328-07tmph1g.h264__1116.0_1126.0,0.0,1.0,"Male"
cpb-aacip-15-4f1mg7ft63__barcode349693_.h264__845.0_855.0,0.0,1.0,"Male"
cpb-aacip-500-t43j2h02__684.0_694.0,0.0,1.0,"Male"
cpb-aacip-15-xs5j960p6d__barcode49733_clip2_.h264__637.0_647.0,0.0,1.0,"Male with background noise"
cpb-aacip-15-88qc02c1__1574.0_1584.0,2.0,1.0,"Male"
cpb-aacip-15-sb3ws8j85m__20101124CCS___1623.0_1633.0,3.0,1.0,"Male"
cpb-aacip-15-dj58c9rq6v__Audio_test_file_DM5___96.0_106.0,1.0,1.0,"Music"
cpb-aacip-500-t43j2h02__1174.0_1184.0,4.0,1.0,"Male"
cpb-aacip-221-1615f186.h264__1470.0_1480.0,2.0,1.0,"Male"
cpb-aacip-77-805x79fv.h264__501.0_511.0,3.0,1.0,"Female"
cpb-aacip-15-30prrfm2__3711.0_3721.0,2.0,1.0,"Male"
cpb-aacip-30-515mmdks__1548.0_1558.0,4.0,1.0,"Female with background noise"
cpb-aacip-78-18rbpj8n.h264__400.0_410.0,3.0,1.0,"Music"
cpb-aacip-15-9mg7fv33__238409_20130604tw__154.0_164.0,2.0,1.0,"Female"
cpb-aacip_505-z31ng4hm11_DV_1_38.aiff__2.0_12.0,4.0,1.0,"Music"
cpb-aacip-235-451g2m62.h264__939.0_949.0,0.0,1.0,"Music"
cpb-aacip-500-gb1xj31m__163.0_173.0,0.0,1.0,"Music"
cpb-aacip-43-37hqcd0r__1506.0_1516.0,4.0,1.0,"Male"
cpb-aacip-259-028pfc9d.h264__2662.0_2672.0,0.0,1.0,"Male"
cpb-aacip-15-06sxm1c4__5469.0_5479.0,3.0,1.0,"Music"
cpb-aacip-398-93gxdf5t.h264__24.0_34.0,1.0,1.0,"Male with background noise"
cpb-aacip-15-cj87h1dr5k__barcode279111_.h264__433.0_443.0,0.0,1.0,"Male"
cpb-aacip-55-9995z804.h264__695.0_705.0,3.0,1.0,"Female"
cpb-aacip-500-2j68712s__150.0_160.0,1.0,1.0,"Male"
cpb-aacip-86-46d258rh.h264__1680.0_1690.0,0.0,1.0,"Silence"
cpb-aacip-41-26xwdnz0.h264__94.0_104.0,1.0,1.0,"Male with background noise"
cpb-aacip-15-dz02z12x9c__23813-2010_02_13Cap29-RAW_.h264__123.0_133.0,1.0,1.0,"Male"
cpb-aacip-15-g44hm52s8p__barcode49028_clip2_.h264__153.0_163.0,4.0,1.0,"Music"
cpb-aacip-15-65h9wf90__340.0_350.0,1.0,1.0,"Male"
cpb-aacip_505-z31ng4hm11_DV_1_38.aiff__104.0_114.0,0.0,1.0,"Music"
cpb-aacip-15-601zd4tk__925.0_935.0,2.0,1.0,"Male"
cpb-aacip-75-000000s7.h264__1092.0_1102.0,2.0,1.0,"Music"
cpb-aacip-15-dj58c9rq6v__Audio_test_file_DM5___96.0_106.0,1.0,1.0,"Music"
cpb-aacip-224-2683bpgd__1361.0_1371.0,2.0,1.0,"Male"
cpb-aacip-16-qz22b8vz2w__focus040910b___416.0_426.0,3.0,1.0,"Multiple Speakers"
cpb-aacip-245-30bvqdm9.h264__504.0_514.0,4.0,1.0,"Silence"
cpb-aacip-15-ms3jw86t45__barcode49002_.h264__201.0_211.0,0.0,1.0,"Male"
cpb-aacip-15-15p8d7xj__457.0_467.0,0.0,1.0,"Male"
cpb-aacip-41-77sn0mqp.h264__3351.0_3361.0,2.0,1.0,"Male"
cpb-aacip-500-b56d625m__408.0_418.0,2.0,1.0,"Male"
cpb-aacip-37-fb4wh2dq5c__iptvtav_19920602_5_DV25_.h264__175.0_185.0,3.0,1.0,"Male"
cpb-aacip-16-n29p26qj4s__focus020314b___2390.0_2400.0,2.0,1.0,"Female"
cpb-aacip-77-50gtjz0p.h264__1034.0_1044.0,0.0,1.0,"Music"
cpb-aacip-75-47dr814t.h264__1017.0_1027.0,3.0,1.0,"Male"
cpb-aacip-398-54xgxmn8.h264__923.0_933.0,0.0,1.0,"Background noise"
cpb-aacip-15-h707w67f0z__200201A26A_.h264__115.0_125.0,0.0,1.0,"Male with background noise"
cpb-aacip-500-8w384b85__1506.0_1516.0,0.0,1.0,"Music"
cpb-aacip-394-601zd472.h264__1276.0_1286.0,4.0,1.0,"Female"
cpb-aacip-29-322bvtxf.h264__1145.0_1155.0,4.0,1.0,"Music"
cpb-aacip-30-82x3gbk9__1359.0_1369.0,1.0,1.0,"Male"
cpb-aacip-309-085hqd0h__Hamburger__29.0_39.0,4.0,1.0,"Female"
cpb-aacip-60-504xh3pf.h264__1073.0_1083.0,0.0,1.0,"Male"
cpb-aacip-83-36547pqh.h264__2059.0_2069.0,4.0,1.0,"Male"
cpb-aacip-41-106wwrb2.h264__795.0_805.0,3.0,1.0,"Male with background noise"
cpb-aacip-41-38w9gvxg.h264__110.0_120.0,4.0,1.0,"Music"
cpb-aacip-15-dj58c9rq6v__Audio_test_file_DM5___96.0_106.0,3.0,1.0,"Music"
cpb-aacip-129-15p8d3vw.h264__1001.0_1011.0,2.0,1.0,"Female"
cpb-aacip-41-58bg7gx0.h264__830.0_840.0,0.0,1.0,"Male"
cpb-aacip-359-82k6dwkx.h264__514.0_524.0,4.0,1.0,"Female"
cpb-aacip-500-3j393w24__1411.0_1421.0,4.0,1.0,"Music"
cpb-aacip-301-52j6q9v3__485.0_495.0,2.0,1.0,"Not Sure"
cpb-aacip-500-j09w500x__1384.0_1394.0,4.0,1.0,"Male with background noise"
cpb-aacip-309-55m90bpp__MJ_Torrance_03-19-02__695.0_705.0,0.0,1.0,"Music"
cpb-aacip-15-9c6rx93g89__barcode9469_.h264__568.0_578.0,1.0,1.0,"Male"
cpb-aacip-43-db7vm4355v__10351857___3.0_13.0,4.0,1.0,"Male"
cpb-aacip-43-79v15r75__6336.0_6346.0,2.0,1.0,"Female with background noise"
cpb-aacip-500-2j68712s__91.0_101.0,0.0,1.0,"Male"
cpb-aacip-15-vx05x25t2x__pdes06_vid_walkingsolar_.h264__30.932_40.932,4.0,1.0,"Male"
cpb-aacip-15-06sxm1c4__5469.0_5479.0,3.0,1.0,"Music"
cpb-aacip-500-t43j2h02__684.0_694.0,3.0,1.0,"Male"
cpb-aacip-500-9c6s2t83__1287.0_1297.0,4.0,1.0,"Male"
cpb-aacip-15-945qgbnx__5229.0_5239.0,0.0,1.0,"Male"
cpb-aacip-15-73bzkx9d__1794.0_1804.0,2.0,1.0,"Applause"
cpb-aacip-24-qn5z60cb6q__2076.0_2086.0,4.0,1.0,"Music"
cpb-aacip-15-s46h12vh7p__barcode88186_.h264__758.0_768.0,0.0,1.0,"Male"
cpb-aacip-77-51vdpkbd.h264__820.0_830.0,0.0,1.0,"Male"
cpb-aacip-500-7p8tfx5s__781.0_791.0,1.0,1.0,"Music"
cpb-aacip-235-42n5v9dk.h264__1332.0_1342.0,0.0,1.0,"Music"
cpb-aacip-15-bn9x05xv3p__20110114CCS___3228.0_3238.0,3.0,1.0,"Female"
cpb-aacip-500-wh2dd97d__583.0_593.0,2.0,1.0,"Male"
cpb-aacip-394-95w6mr8f.h264__99.0_109.0,3.0,1.0,"Music"
cpb-aacip-43-70msc097__2574.0_2584.0,4.0,1.0,"Female"
cpb-aacip-111-68x96632.h264__526.0_536.0,1.0,1.0,"Music"
cpb-aacip-75-3331znrm.h264__1557.0_1567.0,3.0,1.0,"Male"
cpb-aacip-17-07gqpb0j.h264__942.0_952.0,4.0,1.0,"Male"
cpb-aacip-30-4302w2tf__433.0_443.0,4.0,1.0,"Male"
cpb-aacip-309-085hqd0h__Hamburger__7.0_17.0,1.0,1.0,"Music"
cpb-aacip-500-kh0f0819__1564.0_1574.0,4.0,1.0,"Male"
cpb-aacip-138-214mw8p0__543.0_553.0,1.0,1.0,"Music"
cpb-aacip-41-8605qvwt.h264__2977.0_2987.0,1.0,1.0,"Male with background noise"
cpb-aacip-15-sb3ws8j85m__20101124CCS___3045.0_3055.0,0.0,1.0,"Female"
cpb-aacip-78-4947dvhp__62.0_72.0,4.0,1.0,"Male with background noise"
cpb-aacip-500-hq3s037r__458.0_468.0,3.0,1.0,"Music"
cpb-aacip-500-4q7qs98z__35.0_45.0,2.0,1.0,"Male"
cpb-aacip-500-9z90dh6s__33.0_43.0,4.0,1.0,"Male"
cpb-aacip-43-870vtm72__405.0_415.0,4.0,1.0,"Male with background noise"
cpb-aacip-77-34fn41b2.h264__1239.0_1249.0,2.0,1.0,"Female"
cpb-aacip-80-7312kdpj__1304.0_1314.0,0.0,1.0,"Female"
cpb-aacip-402-579s4tn0__1775.0_1785.0,2.0,1.0,"Male"
cpb-aacip-309-440rz1jc__Dr_Disney08-05-97__634.0_644.0,0.0,1.0,"Music"
cpb-aacip-78-4947dvhp__1427.0_1437.0,4.0,1.0,"Male"
cpb-aacip-259-0r9m5j81.h264__611.0_621.0,4.0,1.0,"Male"
cpb-aacip-309-55z617q0__Butterfly__14.0_24.0,0.0,1.0,"Female with background noise"
cpb-aacip-41-2908kz25.h264__1057.0_1067.0,4.0,1.0,"Female"
cpb-aacip-15-55z61fvf__1762.0_1772.0,1.0,1.0,"Male"
cpb-aacip-300-41zcrrqf__488.0_498.0,2.0,1.0,"Male"
cpb-aacip-245-93gxdcns.h264__710.0_720.0,4.0,1.0,"Male with background noise"
cpb-aacip-86-46d258rh.h264__1332.0_1342.0,2.0,1.0,"Silence"
cpb-aacip-43-37hqcd0r__488.0_498.0,2.0,1.0,"Male"
cpb-aacip-22-106wwqvd.h264__840.0_850.0,4.0,1.0,"Male"
cpb-aacip-41-95j9kt3z.h264__74.0_84.0,4.0,1.0,"Female"
cpb-aacip-245-34sj40m4.h264__785.0_795.0,1.0,1.0,"Male with background noise"
cpb-aacip-15-g44hm52s8p__barcode49028_clip2_.h264__12.0_22.0,2.0,1.0,"Music"
cpb-aacip-129-128936mx.h264__616.0_626.0,2.0,1.0,"Music"
cpb-aacip-15-gx44q7qx6r__22128-2009_10_24CamB-RAW_.h264__3095.0_3105.0,1.0,1.0,"Male"
cpb-aacip-254-62s4n2n1.h264__660.0_670.0,2.0,1.0,"Male"
cpb-aacip-301-52j6q9v3__679.0_689.0,1.0,1.0,"Female"
cpb-aacip-129-80ht7k6c.h264__1294.0_1304.0,2.0,1.0,"Music"
cpb-aacip-15-cr5n87334n__nasa09_vid_saldeep_.h264__33.0_43.0,0.0,1.0,"Male with background noise"
cpb-aacip-500-sf2mbg56__600.0_610.0,1.0,1.0,"Music"
cpb-aacip-235-42n5v9dk.h264__1332.0_1342.0,0.0,1.0,"Music"
cpb-aacip-30-49g4g0vc__2802.0_2812.0,4.0,1.0,"Male"
cpb-aacip-75-81wdc572.h264__2747.0_2757.0,0.0,1.0,"Female with background noise"
cpb-aacip-27-qv3bz61s41__WYSO_UN_5___977.0_987.0,1.0,1.0,"Silence"
cpb-aacip-15-8279d3mz__1980.0_1990.0,3.0,1.0,"Music"
cpb-aacip-259-cv4brv0v.h264__2638.0_2648.0,3.0,1.0,"Female"
cpb-aacip-384-70msbm83.h264__67.0_77.0,3.0,1.0,"Male"
cpb-aacip-46-19f4qtzc.h264__956.0_966.0,0.0,1.0,"Music"
cpb-aacip-384-70msbm83.h264__67.0_77.0,0.0,1.0,"Male"
cpb-aacip-394-601zd472.h264__1587.0_1597.0,2.0,1.0,"Female"
cpb-aacip-15-10jsxtdn__515.0_525.0,0.0,1.0,"Not Sure"
cpb-aacip-83-73bzkwk3.h264__946.0_956.0,4.0,1.0,"Male"
cpb-aacip-129-15p8d3vw.h264__511.0_521.0,0.0,1.0,"Male"
cpb-aacip-500-4746tw5k__427.0_437.0,2.0,1.0,"Male"
cpb-aacip-86-82k6dt5k.h264__528.0_538.0,4.0,1.0,"Male"
cpb-aacip-500-pz51m86g__1215.0_1225.0,4.0,1.0,"Male"
cpb-aacip-500-4q7qs98z__1703.0_1713.0,3.0,1.0,"Silence"
cpb-aacip-28-nk3610w827__PRA_AAPP_BB0170_How_to_be_sane_though_Negro___1064.0_1074.0,1.0,1.0,"Male"
cpb-aacip-17-06g1kpz9.h264__839.0_849.0,4.0,1.0,"Male"
cpb-aacip-151-g44hm53373__fma-2-71341-pres-20130503_.h264__168.0_178.0,2.0,1.0,"Male with background noise"
cpb-aacip-16-qz22b8vz2w__focus040910b___416.0_426.0,4.0,1.0,"Male"
cpb-aacip-309-25x69rqf__Worry__36.0_46.0,2.0,1.0,"Female"
cpb-aacip-500-fx74008h__200.0_210.0,1.0,1.0,"Male"
cpb-aacip-15-qf8jd4q027__barcode301176-3_.h264__423.0_433.0,4.0,1.0,"Male"
cpb-aacip-259-ms3k0n4r.h264__5.0_15.0,0.0,1.0,"Male"
cpb-aacip-41-612ngvcw.h264__439.0_449.0,0.0,1.0,"Applause"
cpb-aacip-235-42n5v9dk.h264__1332.0_1342.0,4.0,1.0,"Music"
cpb-aacip-15-w08w951c33__20100924ERS___2018.0_2028.0,3.0,1.0,"Male"
cpb-aacip-111-12z34z1f.h264__1963.0_1973.0,3.0,1.0,"Male"
cpb-aacip-37-35t76pz6.h264__1332.0_1342.0,1.0,1.0,"Male"
cpb-aacip-398-55z619h9.h264__918.0_928.0,2.0,1.0,"Background noise"
cpb-aacip_505-z31ng4hm11_DV_1_38.aiff__2.0_12.0,1.0,1.0,"Music"
cpb-aacip-15-784j1d6t__2155.0_2165.0,2.0,1.0,"Male"
cpb-aacip-15-27mpgfdt.h264__2404.0_2414.0,0.0,1.0,"Music"
cpb-aacip-15-bc3st7f009__barcode121572_.h264__58.0_68.0,3.0,1.0,"Applause"
cpb-aacip-15-cj87h1dr5k__barcode279111_.h264__433.0_443.0,1.0,1.0,"Male"
cpb-aacip-197-73bzkt6f.h264__3080.0_3090.0,2.0,1.0,"Applause"
cpb-aacip-259-ms3k0n4r.h264__35.0_45.0,0.0,1.0,"Male"
cpb-aacip-500-zp3vzk8c__250.0_260.0,1.0,1.0,"Male"
cpb-aacip-43-n58cf9jn1v__10355508___19.0_29.0,2.0,1.0,"Female"
cpb-aacip-17-81jhbxv2.h264__391.0_401.0,3.0,1.0,"Music"
cpb-aacip-75-47dr814t.h264__1017.0_1027.0,4.0,1.0,"Background noise"
cpb-aacip-224-62s4n3ng__32.0_42.0,1.0,1.0,"Female"
cpb-aacip-41-26xwdnz0.h264__984.0_994.0,1.0,1.0,"Female"
cpb-aacip-500-gx44vt61__1630.0_1640.0,2.0,1.0,"Male with background noise"
cpb-aacip-500-t43j2h02__1174.0_1184.0,0.0,1.0,"Multiple Speakers"
cpb-aacip-55-41mgrcxp.h264__801.0_811.0,3.0,1.0,"Male"
cpb-aacip-500-j09w500x__1502.0_1512.0,0.0,1.0,"Male"
cpb-aacip-22-84mkm55z.h264__162.0_172.0,1.0,1.0,"Male"
cpb-aacip-15-848pkg93__1295.0_1305.0,2.0,1.0,"Male"
cpb-aacip-500-2j68712s__91.0_101.0,2.0,1.0,"Male"
cpb-aacip-500-7p8tfx5s__871.0_881.0,4.0,1.0,"Male"
cpb-aacip-15-zc7rn30h99__10402-2009_03_11_.h264__407.0_417.0,4.0,1.0,"Female"
cpb-aacip-43-9995xp4x__1116.0_1126.0,3.0,1.0,"Male"
cpb-aacip-160-81jhb5cv.h264__2391.0_2401.0,2.0,1.0,"Male"
cpb-aacip-129-b27pn8xk6z__4NCP2309YY_.h264__123.0_133.0,4.0,1.0,"Multiple Speakers"
cpb-aacip-224-62s4n3ng__4125.0_4135.0,1.0,1.0,"Male"
cpb-aacip-29-82k6dv0r.h264__775.0_785.0,3.0,1.0,"Music"
cpb-aacip-80-7312kdpj__1304.0_1314.0,2.0,1.0,"Female"
cpb-aacip-15-9k45q4rq2r__barcode334929_2_.h264__365.0_375.0,3.0,1.0,"Music"
cpb-aacip-55-ks6j09wj3g__cpb-aacip-55-25x6bfzm.mpeg2_.h264__2223.0_2233.0,1.0,1.0,"Male with background noise"
cpb-aacip-394-70zpcpms.h264__977.0_987.0,4.0,1.0,"Male"
cpb-aacip-500-wh2dd97d__583.0_593.0,3.0,1.0,"Male"
cpb-aacip-17-06g1kpz9.h264__839.0_849.0,3.0,1.0,"Male"
cpb-aacip-309-55z617q0__Butterfly__14.0_24.0,0.0,1.0,"Female with background noise"
cpb-aacip-111-12z34z1f.h264__1963.0_1973.0,2.0,1.0,"Noise"
cpb-aacip-15-1937q510__759.0_769.0,4.0,1.0,"Male"
cpb-aacip-259-pz51k79t.h264__596.0_606.0,2.0,1.0,"Male"
cpb-aacip-29-246q5b8z.h264__890.0_900.0,2.0,1.0,"Male"
cpb-aacip-387-5269pfc2.h264__593.0_603.0,3.0,1.0,"Male"
cpb-aacip-15-70zpcpnp__1060.0_1070.0,2.0,1.0,"Male"
cpb-aacip-15-x05x63bd7q__barcode339927_.h264__136.0_146.0,4.0,1.0,"Female"
cpb-aacip-75-84mkm5dx.h264__1645.0_1655.0,1.0,1.0,"Male with background noise"
cpb-aacip-41-58bg7gx0.h264__830.0_840.0,1.0,1.0,"Male"
cpb-aacip-17-07gqpb0j.h264__482.0_492.0,4.0,1.0,"Female"
cpb-aacip-41-26xwdnz0.h264__94.0_104.0,3.0,1.0,"Female"
cpb-aacip-500-cr5ndp7x__291.0_301.0,1.0,1.0,"Male"
cpb-aacip-15-tm71v5bv4t__barcode106242_.h264__99.0_109.0,0.0,1.0,"Female"
cpb-aacip-15-g73707wx68__barcode18828_.h264__736.0_746.0,4.0,1.0,"Background noise"
cpb-aacip-309-55m90bpp__MJ_Torrance_03-19-02__99.0_109.0,3.0,1.0,"Music"
cpb-aacip-500-hh6c6k46__1012.0_1022.0,1.0,1.0,"Male"
cpb-aacip-206-95w6mkg4__312.0_322.0,2.0,1.0,"Female"
cpb-aacip-55-ks6j09wj3g__cpb-aacip-55-25x6bfzm.mpeg2_.h264__2523.0_2533.0,3.0,1.0,"Male with background noise"
cpb-aacip-127-02q576c6.h264__1846.0_1856.0,4.0,1.0,"Female"
cpb-aacip-46-19f4qtzc.h264__843.0_853.0,0.0,1.0,"Male"
cpb-aacip-394-601zd472.h264__1276.0_1286.0,0.0,1.0,"Female"
cpb-aacip-500-x34mr16g__86.0_96.0,1.0,1.0,"Male"
cpb-aacip-235-41zcsnt9__6736.0_6746.0,2.0,1.0,"Female with background noise"
cpb-aacip-77-9673pd82.h264__1282.0_1292.0,0.0,1.0,"Female"
cpb-aacip-15-25x69z1p__73.0_83.0,0.0,1.0,"Female"
cpb-aacip-375-82k6dtbh__863.0_873.0,3.0,1.0,"Male"
cpb-aacip-15-5370s8vp.h264__1721.0_1731.0,4.0,1.0,"Female"
cpb-aacip-120-03cz8zz5.h264__823.0_833.0,3.0,1.0,"Male"
cpb-aacip-86-752fr614.h264__5.0_15.0,1.0,1.0,"Background noise"
cpb-aacip-37-35t76pz6.h264__904.0_914.0,3.0,1.0,"Male"
cpb-aacip-500-kw57jd2k__1528.0_1538.0,4.0,1.0,"Male"
cpb-aacip-500-x34mr16g__86.0_96.0,4.0,1.0,"Male"
cpb-aacip-245-93gxdcns.h264__804.0_814.0,3.0,1.0,"Female"
cpb-aacip-15-9882j68b28__23968-2010_03_17_.h264__462.0_472.0,1.0,1.0,"Male"
cpb-aacip-15-833mw28h5s__10372-2009_02_11_.h264__79.0_89.0,4.0,1.0,"Male"
cpb-aacip-500-qn5zb850__825.0_835.0,0.0,1.0,"Male"
cpb-aacip-15-zc7rn30h99__10402-2009_03_11_.h264__2405.0_2415.0,0.0,1.0,"Female"
cpb-aacip-15-dj58c9rq6v__Audio_test_file_DM5___204.0_214.0,1.0,1.0,"Music"
cpb-aacip-500-bz619c69__771.0_781.0,3.0,1.0,"Male"
cpb-aacip-15-jm23b5wh6f__200201A18A_.h264__71.0_81.0,4.0,1.0,"Female with background noise"
cpb-aacip_505-z31ng4hm11_DV_1_38.aiff__104.0_114.0,4.0,1.0,"Music"
cpb-aacip-129-2908kwdm.h264__835.0_845.0,0.0,1.0,"Male"
cpb-aacip-43-7312k28f__1214.0_1224.0,3.0,1.0,"Female"
cpb-aacip-43-37hqcd0r__488.0_498.0,2.0,1.0,"Male"
cpb-aacip-15-9c6rx93g89__barcode9469_.h264__568.0_578.0,0.0,1.0,"Male"
cpb-aacip-83-36547pqh.h264__2059.0_2069.0,0.0,1.0,"Male"
cpb-aacip-15-5370s8vp.h264__1721.0_1731.0,1.0,1.0,"Female"
cpb-aacip-259-833mzm51.h264__1451.0_1461.0,1.0,1.0,"Male with background noise"
cpb-aacip-78-18rbpj8n.h264__400.0_410.0,4.0,1.0,"Music"
cpb-aacip-41-77sn0mqp.h264__2332.0_2342.0,2.0,1.0,"Male"
cpb-aacip-15-xg9f47h66w__ess05_vid_flood_.h264__567.0_577.0,4.0,1.0,"Male"
cpb-aacip-15-9c6rx93g89__barcode9469_.h264__95.0_105.0,3.0,1.0,"Male"
cpb-aacip-259-3r0pvm6v.h264__568.0_578.0,0.0,1.0,"Male with background noise"
cpb-aacip-55-6341pnc9.h264__37.0_47.0,1.0,1.0,"Male with background noise"
cpb-aacip-257-720cg60g.h264__1062.0_1072.0,1.0,1.0,"Music"
cpb-aacip-153-440rz21t.h264__83.0_93.0,0.0,1.0,"Male with background noise"
cpb-aacip-15-96k0pjpm__1682.0_1692.0,3.0,1.0,"Music"
cpb-aacip-500-bz619c69__771.0_781.0,3.0,1.0,"Male"
cpb-aacip-500-j09w500x__1502.0_1512.0,1.0,1.0,"Male"
cpb-aacip-129-sb3ws8hx30__4NCP2728YY_.h264__837.0_847.0,3.0,1.0,"Male"
cpb-aacip-384-19f4qvfw.h264__839.0_849.0,3.0,1.0,"Music"
cpb-aacip-29-515mks96.h264__923.0_933.0,4.0,1.0,"Female with background noise"
cpb-aacip-80-21ghxqvf__2403.0_2413.0,1.0,1.0,"Male"
cpb-aacip-55-7940r9mf8b__cpb-aacip-55-68x96shz.mpeg2_.h264__3131.0_3141.0,4.0,1.0,"Not Sure"
cpb-aacip-15-jq0sq8qr26__barcode339453_.h264__3213.0_3223.0,2.0,1.0,"Male"
cpb-aacip-15-4q7qn5zb3z__26284-2010_11_01_.h264__332.0_342.0,0.0,1.0,"Male"
cpb-aacip-15-9995xpjw__1698.0_1708.0,0.0,1.0,"Male"
cpb-aacip-211-97xkt3cx__1122.0_1132.0,4.0,1.0,"Male"
cpb-aacip-43-81wdcb6p__1913.0_1923.0,4.0,1.0,"Female"
cpb-aacip-77-7634vstt.h264__1407.0_1417.0,2.0,1.0,"Male"
cpb-aacip-225-93gxdb91.h264__1961.326_1971.326,1.0,1.0,"Male"
cpb-aacip-15-9882j68b28__23968-2010_03_17_.h264__3388.0_3398.0,4.0,1.0,"Female"
cpb-aacip-41-2908kz25.h264__168.0_178.0,0.0,1.0,"Female"
cpb-aacip-305-752fr643__1855.0_1865.0,0.0,1.0,"Not Sure"
cpb-aacip-15-9rf5kf6x__231818___346.0_356.0,4.0,1.0,"Male"
cpb-aacip-309-25x69rqf__Worry__23.0_33.0,3.0,1.0,"Female"
cpb-aacip-29-859cnzb1.h264__1185.0_1195.0,1.0,1.0,"Male"
cpb-aacip-394-601zd472.h264__1276.0_1286.0,0.0,1.0,"Female"
cpb-aacip-15-15p8d7xj__457.0_467.0,0.0,1.0,"Female"
cpb-aacip-86-752fr614.h264__85.0_95.0,4.0,1.0,"Male"
cpb-aacip-83-042rc21t.h264__585.0_595.0,1.0,1.0,"Male"
cpb-aacip-127-0644j324.h264__1033.0_1043.0,3.0,1.0,"Music"
cpb-aacip-15-pz51g0j517__barcode235583_.h264__307.0_317.0,4.0,1.0,"Male with background noise"
cpb-aacip-43-214mwkfw__2891.0_2901.0,1.0,1.0,"Male"
cpb-aacip-500-4q7qs98z__1703.0_1713.0,0.0,1.0,"Male"
cpb-aacip-309-19s1rq11__1431__5.0_15.0,2.0,1.0,"Female with background noise"
cpb-aacip-187-41zcrsbv__0.0_10.0,1.0,1.0,"Silence"
cpb-aacip-384-19f4qvfw.h264__295.0_305.0,3.0,1.0,"Male"
cpb-aacip-15-0k26970c5s__20111003CCS___222.0_232.0,4.0,1.0,"Female"
cpb-aacip-359-82k6dwkx.h264__514.0_524.0,0.0,1.0,"Female"
cpb-aacip-500-3r0pwj3w__1270.0_1280.0,4.0,1.0,"Male"
cpb-aacip-259-028pfc9d.h264__2015.0_2025.0,2.0,1.0,"Male"
cpb-aacip-55-ks6j09wj3g__cpb-aacip-55-25x6bfzm.mpeg2_.h264__2523.0_2533.0,0.0,1.0,"Male"
cpb-aacip-83-816m9dnq.h264__1125.0_1135.0,3.0,1.0,"Music"
cpb-aacip-500-0p0wtn40__1105.0_1115.0,1.0,1.0,"Male"
cpb-aacip-41-2908kz25.h264__168.0_178.0,1.0,1.0,"Female"
cpb-aacip-500-s46h5m2t__1236.0_1246.0,3.0,1.0,"Male"
cpb-aacip-15-dj58c9rq6v__Audio_test_file_DM5___96.0_106.0,0.0,1.0,"Music"
cpb-aacip-384-19f4qvfw.h264__839.0_849.0,4.0,1.0,"Music"
cpb-aacip-15-09w0w2pb__2582.0_2592.0,2.0,1.0,"Male"
cpb-aacip-500-7p8tfx0k__137.0_147.0,0.0,1.0,"Male"
cpb-aacip-15-dz02z12x9c__23813-2010_02_13Cap29-RAW_.h264__15.0_25.0,4.0,1.0,"Male"
cpb-aacip-15-612ngt37__5294.0_5304.0,4.0,1.0,"Male"
cpb-aacip-293-03qv9sj9.h264__869.0_879.0,2.0,1.0,"Female"
cpb-aacip-60-03cz8wz8.h264__245.0_255.0,4.0,1.0,"Male with background noise"
cpb-aacip-15-v69862bq46__barcode104111_.h264__176.0_186.0,0.0,1.0,"Male"
cpb-aacip_505-z31ng4hm11_DV_1_38.aiff__104.0_114.0,4.0,1.0,"Music"
cpb-aacip-127-0644j324.h264__1051.0_1061.0,0.0,1.0,"Noise"
cpb-aacip-500-x34mr16g__86.0_96.0,4.0,1.0,"Male"
cpb-aacip-30-49g4g0vc__2802.0_2812.0,0.0,1.0,"Male"
cpb-aacip-17-81jhbxv2.h264__391.0_401.0,0.0,1.0,"Music"
cpb-aacip-17-48sbdbc4.h264__1244.0_1254.0,1.0,1.0,"Male"
cpb-aacip-127-02q576c6.h264__705.0_715.0,4.0,1.0,"Female with background noise"
cpb-aacip-77-34fn41b2.h264__1004.0_1014.0,4.0,1.0,"Male"
cpb-aacip-387-5269pfc2.h264__593.0_603.0,0.0,1.0,"Male"
cpb-aacip-394-14nk9bcg.h264__637.0_647.0,3.0,1.0,"Male"
cpb-aacip-500-9c6s2t83__287.0_297.0,0.0,1.0,"Not Sure"
cpb-aacip-500-2805255w__542.0_552.0,2.0,1.0,"Male"
cpb-aacip-120-53wsv000.h264__866.0_876.0,4.0,1.0,"Female with background noise"
cpb-aacip-15-945qgbnx__3607.0_3617.0,2.0,1.0,"Silence"
cpb-aacip-15-pz51g0j517__barcode235583_.h264__396.0_406.0,3.0,1.0,"Male"
cpb-aacip-153-90rr5763.h264__1822.0_1832.0,2.0,1.0,"Music"
cpb-aacip-387-5269pfc2.h264__1537.0_1547.0,3.0,1.0,"Male"
cpb-aacip-153-55m90bxc.h264__1533.0_1543.0,1.0,1.0,"Male"
cpb-aacip-15-6m3319s79g__WGBH-310369-1_.h264__101.0_111.0,4.0,1.0,"Background noise"
cpb-aacip-15-9882j68b28__23968-2010_03_17_.h264__3388.0_3398.0,3.0,1.0,"Female"
cpb-aacip-75-21tdzbv9.h264__2107.0_2117.0,2.0,1.0,"Music"
